striker,NCBPI,n_balls,confidence,CWBPI
AD Russell,1.3198210578968277,1745,0.4110718492343934,0.9746475185732557
AB de Villiers,1.0839481407601068,4039,0.617678544119896,0.9500470271973662
KA Pollard,1.1106305465789579,2555,0.5054401582591493,0.9242239400242815
SA Yadav,1.0724039205312044,3173,0.5593160585228274,0.9231497638214379
MS Dhoni,1.023264647197979,4511,0.6434174868064471,0.9200168012870616
N Pooran,1.2147214680702412,1533,0.3801140590131416,0.9165531814691759
RR Pant,1.0666333969462183,2662,0.5156915924060441,0.9053988905432662
KD Karthik,0.9982584980102374,4028,0.6170343137254902,0.8969479473496849
HH Pandya,1.0912023114787535,2081,0.4542676271556429,0.8961106702686732
GJ Maxwell,1.0856545355549374,2022,0.44714727996461745,0.8910845734643056
YK Pathan,1.0387917144802252,2559,0.505831191935165,0.888033004085472
JC Buttler,1.0094155834715042,2912,0.5380635624538064,0.8820600793389739
DA Miller,1.019236145114777,2380,0.48770491803278687,0.8729657778046467
CH Gayle,0.9640817408603424,3783,0.6021009072099316,0.8724195759968457
H Klaasen,1.2236453293886072,917,0.26836406204272756,0.865195708915089
MP Stoinis,1.0693818225719756,1530,0.37965260545905705,0.8611526448755904
V Sehwag,1.0205555512541749,1997,0.44407382699577497,0.8610941530282619
SK Raina,0.9273751086846542,4703,0.6529223934471748,0.8601605034648667
SV Samson,0.9470768218982354,3621,0.59157000490116,0.8599340209781109
SO Hetmyer,1.1312626410104685,1086,0.3028443948689347,0.8541110425127928
RG Sharma,0.8975741570781337,6070,0.7082847141190198,0.8497743411642681
DA Warner,0.9013469710800152,5205,0.6755353666450357,0.8469567754425678
RA Jadeja,0.9406403807158433,2938,0.5402721588819419,0.845511660326711
KL Rahul,0.9116654511122706,4189,0.6262520556136941,0.8451573546154594
SP Narine,1.0824731881225529,1152,0.3154435925520263,0.8437294860434521
YBK Jaiswal,1.0292416446933474,1454,0.36772888214466365,0.8423895603686479
SR Watson,0.9318198298264913,3026,0.5475931958016649,0.8421964848658106
N Rana,0.9589995937338992,2310,0.4802494802494803,0.8419085305278198
V Kohli,0.8758643325044697,7060,0.7384937238493724,0.8386917529074333
TH David,1.3312114000724027,524,0.17328042328042328,0.8372505767035203
Abhishek Sharma,1.05165111109929,1178,0.32028276237085374,0.8355453994530914
S Dube,1.0116454605718075,1428,0.3635437881873727,0.8347557759699713
JM Sharma,1.2125634218729586,656,0.20785804816223066,0.8332485979284434
AR Patel,0.993692041505642,1517,0.37764500871296985,0.831894896011343
AT Rayudu,0.8984678118627779,3662,0.5942875689711132,0.8316261112228172
R Parag,1.0209086936436242,1267,0.3363419166445447,0.8303111986089668
Yuvraj Singh,0.9153180952997846,2540,0.503968253968254,0.82523788340773
Shubman Gill,0.896819459744678,3040,0.5487364620938628,0.8232169906024057
SS Iyer,0.8969803529992826,3010,0.5462794918330308,0.8229041438913516
RK Singh,1.0985906385800819,802,0.24288310115081768,0.8223381776059151
F du Plessis,0.880194691108073,3819,0.6043677797119797,0.8222431548750178
PD Salt,1.174472286296885,623,0.1994876721101505,0.8216417562204501
Ishan Kishan,0.9140406234146984,2344,0.4838976052848885,0.8209748537567216
Tilak Varma,1.0207535923796698,1089,0.30342713847868485,0.8208112656491966
LS Livingstone,1.1061429014833122,745,0.2295839753466872,0.8192195475866175
TM Head,1.1160606174947945,706,0.22021210230817218,0.8179132146802343
KH Pandya,0.9645937283867038,1427,0.3633817163228928,0.8176129922896187
DR Smith,0.9210869412629988,1937,0.43655623168807756,0.8155141707324622
R Tewatia,1.040054206256565,889,0.26231926822071405,0.8140747004058992
PP Shaw,0.9523710619561624,1451,0.36724879777271574,0.8140170542171344
T Stubbs,1.2650885453720757,442,0.150237933378654,0.8135486428850999
RV Uthappa,0.8603812128273061,4185,0.6260284218399401,0.8130121684361679
JA Morkel,1.0589369844009073,794,0.24104432301153614,0.8121089665840397
RA Tripathi,0.9231868613753239,1761,0.41328326683877026,0.8120213642796179
Shashank Singh,1.1938663002478247,510,0.16943521594684385,0.8116819878537864
SM Curran,1.049870817333624,817,0.24630690382876091,0.8115874067154287
AC Gilchrist,0.9095230380821987,1910,0.4331065759637188,0.8098594043198426
SE Marsh,0.9081461135438945,1931,0.4357932746558339,0.809731689362845
P Simran Singh,1.01418783172329,922,0.26943308007013445,0.8092846730456983
Harbhajan Singh,1.0780948846286946,700,0.21875,0.8090491842354977
CH Morris,1.2359134848797366,438,0.14908100748808714,0.808584437267131
B Sai Sudharsan,0.9543393144465601,1278,0.33827421916357864,0.8083474362562759
Abdul Samad,1.1619590750182784,524,0.17328042328042328,0.8079224621769459
Rashid Khan,1.2582912919507645,411,0.1411885949845414,0.8077803817606563
M Shahrukh Khan,1.127806663946185,564,0.18407310704960836,0.8062578096537711
DJ Bravo,0.9242532970506084,1502,0.375312343828086,0.80522724199988
RM Patidar,1.0365330010297347,770,0.23547400611620795,0.8050218290845266
PJ Cummins,1.2243059210674783,420,0.14383561643835616,0.8042806360143312
RD Gaikwad,0.8953406910536813,1901,0.4319472847080209,0.8035295669180992
S Dhawan,0.8322405443607669,5761,0.6973731993705362,0.8024244941745411
Dhruv Jurel,1.1773252043595306,456,0.15426251691474965,0.8021486006432518
JM Bairstow,0.9367129648770585,1258,0.33475252794039384,0.8016700053562655
SPD Smith,0.8771573090273096,2033,0.4484888594749614,0.798048043142737
ML Hayden,0.9260737888580843,1248,0.3329775880469584,0.7977670914643532
MA Agarwal,0.8664903972106488,2294,0.4785148101793909,0.7972507178795858
Q de Kock,0.8556188373218501,2709,0.5200614321366865,0.7971131504354767
MM Ali,0.9627329225258453,943,0.2738890502468777,0.7964415092231711
WP Saha,0.8567110176227927,2479,0.497891142799759,0.7949543247640911
A Badoni,1.0007357645675878,740,0.22839506172839505,0.7947022950905929
CA Lynn,0.9337538855825391,1093,0.3042026161981631,0.794568318189597
KK Nair,0.9046751742760584,1314,0.34452018877818563,0.7926151414033158
Naman Dhir,1.4369526157874548,226,0.08290535583272193,0.792018437814186
A Symonds,0.9451019650725686,952,0.27578215527230593,0.7920127581293719
MR Marsh,0.9475017078189353,933,0.27177395863676085,0.7918176707569393
VR Iyer,0.9229673135826812,1107,0.3069032436928195,0.7917981110201093
BJ Hodge,0.8848688764393559,1493,0.37390433258201855,0.7902329583865426
KS Williamson,0.8648265226791475,1835,0.4232987312572088,0.7892151417369647
BB McCullum,0.8434446559528737,2552,0.5051464766429137,0.7891452360065796
JP Duminy,0.8559656914194252,2039,0.4492178894029522,0.7886329621321249
N Wadhera,1.0503714356240776,522,0.1727332892124421,0.7884132560255707
V Shankar,0.9143236635142403,1083,0.3022606754116662,0.7883068651686935
Priyansh Arya,1.219906748270637,310,0.1103202846975089,0.7873530470738092
MK Pandey,0.8225535188839758,3728,0.5985870263326911,0.7868931420541053
C Green,1.0678611535694846,472,0.15881561238223418,0.7867837936737225
DJ Hooda,0.8875055280917052,1278,0.33827421916357864,0.7857392893633419
DPMD Jayawardene,0.8593098374256632,1713,0.4065986233088061,0.7847825117074929
AK Markram,0.900409072360146,1093,0.3042026161981631,0.7844247387707058
Ashutosh Sharma,1.2693477548194332,256,0.09288824383164006,0.7834702451187522
LRPL Taylor,0.8968289914122229,1082,0.30206588498045783,0.7829871409887023
DJ Hussey,0.8875008736444338,1162,0.3173129437465866,0.7825141959280006
IK Pathan,0.8861863236345742,1156,0.3161925601750547,0.781926247383773
KM Jadhav,0.8973672631458836,1024,0.2905788876276958,0.781269877348153
EJG Morgan,0.8784426618000193,1221,0.3281375974200484,0.7812065198525476
STR Binny,0.9411138099429295,713,0.22191098661686898,0.779740154622725
AM Rahane,0.8021192630468403,4346,0.6348232544551563,0.7771401237971187
AJ Finch,0.8396479088195724,1725,0.40828402366863903,0.7769665356277559
J Fraser-McGurk,1.3081976112398026,203,0.07510173880873104,0.7768609268942606
JP Faulkner,1.0405256997075205,406,0.1397109428768066,0.7765810063299241
Abishek Porel,1.0043444065439966,454,0.15368991198375084,0.7753091844564932
S Badrinath,0.8457604548423961,1468,0.3699596774193548,0.7751681749047742
KP Pietersen,0.8956769612531224,847,0.2530624439796833,0.7747025265894534
DP Conway,0.8985470336722152,794,0.24104432301153614,0.7734478794927886
MK Tiwary,0.8374696162780119,1540,0.3811881188118812,0.7732658859855557
Mandeep Singh,0.8409965693680731,1448,0.3667679837892604,0.7730633239003233
MK Lomror,1.0206762154498588,392,0.1355463347164592,0.7726127409301006
BA Stokes,0.9029655562248555,731,0.22624574435159395,0.7720082921429513
CL White,0.8909292525524356,774,0.23640806353084912,0.7708827769667354
JC Archer,1.2422937729566472,196,0.07270029673590504,0.7706901149158046
SN Khan,0.9724823896636993,456,0.15426251691474965,0.7705490324763712
D Brevis,1.0718506220673931,305,0.10873440285204991,0.7704832121369203
R Shepherd,1.7587971521661894,93,0.03586579251831855,0.7704817221230088
WG Jacks,1.0626556113127195,306,0.1090520313613685,0.76958787860841
BCJ Cutting,1.3774453686198227,146,0.05517762660619804,0.7692358254467121
Y Venugopal Rao,0.8537506226945498,1050,0.29577464788732394,0.7692194715895164
RR Rossouw,1.044573379556038,321,0.11378943637008153,0.7690886299719938
R Powell,1.1063207941371391,261,0.0945309670409272,0.7689390429494023
HM Amla,0.9772349026621417,418,0.14324880054832076,0.7686001232440992
SS Tiwary,0.8334265857335226,1339,0.3487887470695494,0.7684941830191958
CJ Anderson,0.9669246159547683,436,0.14850136239782016,0.7683481276804445
MV Boucher,0.9567369805533936,439,0.14937053419530452,0.7670290931529248
ST Jayasuriya,0.8684216201813252,778,0.237339841366687,0.765687306532818
A Raghuvanshi,1.0087274785301046,326,0.11535739561217269,0.7654409512789527
Shakib Al Hasan,0.8755316149371712,716,0.22263681592039802,0.7652896786718039
SN Thakur,1.085130359639337,246,0.08958485069191552,0.7651977562945315
K Gowtham,1.230061323016592,165,0.06191369606003752,0.7644469375651948
A Ashish Reddy,1.1484059592918947,196,0.07270029673590504,0.7638644430024918
Gurkeerat Singh,0.9104943377086449,509,0.16915918909936856,0.7636200027275528
MC Henriques,0.8523645003391483,841,0.2517210416043101,0.7635826145162317
Mohammad Nabi,1.0999814724882664,221,0.08122013965453877,0.7634644894279357
RN ten Doeschate,1.0719371092096655,238,0.08692476260043827,0.7631161440122011
AD Mathews,0.8826746931754099,613,0.1969161580469001,0.7630486852650282
GJ Bailey,0.8860434968950136,592,0.19146183699870634,0.762881216195134
JJ Roy,0.9176792003419936,460,0.1554054054054054,0.7623052035374402
A Mhatre,1.30523479484959,131,0.04979095400988218,0.7621728348304077
Aniket Verma,1.238616350063127,148,0.055891238670694864,0.7619358724028886
NLTC Perera,0.9761584696718665,326,0.11535739561217269,0.7616838752393966
Nithish Kumar Reddy,0.9421524024365485,382,0.1325468424705066,0.7613439236794822
V Suryavanshi,1.292371050459383,129,0.04906808672499049,0.7611285035461265
AM Nayar,0.8507667152189455,762,0.23359901900674432,0.7610592297088727
SE Rutherford,0.9512974825573389,358,0.12526242127361792,0.7609711228373106
G Gambhir,0.7783762778423312,3828,0.6049304677623262,0.7607325161020781
KC Sangakkara,0.7945875979245213,1774,0.41506785212915304,0.7589820704332257
JP Inglis,1.1139407939101609,177,0.06611878968995144,0.7588563656464717
R Ashwin,0.8420745755826285,754,0.23171481253841425,0.758824585219056
Ramandeep Singh,1.1984993429232935,142,0.053747161241483724,0.758697152539218
M Vohra,0.8257056111887251,894,0.26340601060695346,0.7579469023913455
C de Grandhomme,1.0177472932212228,233,0.08525429930479327,0.7579312439202529
V Nigam,1.4793476253979225,82,0.031758326878388844,0.7573963886894407
MEK Hussey,0.793281708898645,1648,0.39729990356798456,0.757381684324608
RD Rickelton,0.9736107786751599,266,0.09616775126536514,0.756786492205748
Bipul Sharma,1.2216597774984335,124,0.04725609756097561,0.7567746885378476
CR Brathwaite,1.2223150448400621,123,0.04689287075867327,0.7566281817875844
JD Ryder,0.8627507789621411,532,0.17546174142480211,0.7563569870453053
D Padikkal,0.7923521484147409,1540,0.3811881188118812,0.7560676432851998
TL Suman,0.8267975478083246,780,0.23780487804878048,0.7558515419524389
JR Hopes,0.9293688193157659,314,0.11158493248045487,0.7555482514494161
PC Valthaty,0.8630019915058952,507,0.16860658463584968,0.7555147921539724
P Negi,0.9294913998179231,304,0.10841654778887304,0.7549416390364319
SW Billings,0.8866193642645448,399,0.13763366678164884,0.7547609853932596
NV Ojha,0.7886868160980325,1538,0.3808816245666171,0.75465361403474
LMP Simmons,0.8122036100405919,878,0.2599171107164002,0.7541165600737555
OA Shah,0.8781341167556234,405,0.13941480206540446,0.75385035717712
M Vijay,0.7745080668532348,2385,0.4882292732855681,0.7536320797867905
Azhar Mahmood,0.9136707389752463,311,0.11063678406261117,0.7536259587815041
E Lewis,0.8425081252187613,552,0.18086500655307994,0.7533930063677138
BJ Rohrer,1.0853231014437152,146,0.05517762660619804,0.7531172120651128
R Ravindra,0.9148669347986,298,0.10650464617583988,0.7530097630033914
R Dravid,0.7745968429420125,2225,0.4708994708994709,0.7529669726686739
SB Dubey,1.295604979971862,87,0.03362968689601856,0.7526125255396438
Shahbaz Ahmed,0.8481330886321863,488,0.16331994645247658,0.7524029175254394
SR Tendulkar,0.7711551844896841,2459,0.49586610203670095,0.7522810181435047
TM Dilshan,0.7837784766731924,1463,0.36916477416098914,0.7521975477381748
MF Maharoof,1.0624257089398146,145,0.054820415879017016,0.7517363697957579
D Wiese,1.1700299092633601,105,0.04030710172744722,0.7513029216069709
PA Patel,0.767319836723136,2606,0.5103799451625538,0.7508669143779865
KV Sharma,0.8835955017508074,310,0.1103202846975089,0.7502510946107674
SM Katich,0.8832673135708518,310,0.1103202846975089,0.7502148887973205
KR Mayers,0.8995576721407277,276,0.0994236311239193,0.7502049307724593
JD Unadkat,0.9575396100713824,198,0.07338769458858414,0.750142258379407
Washington Sundar,0.8388035532570606,458,0.1548343475321163,0.7499874907725625
LJ Wright,1.3952523364341443,63,0.024580569644947328,0.7499773185754418
LR Shukla,0.8381116450928683,454,0.15368991198375084,0.7497608859802535
Harpreet Brar,0.9359422262678929,214,0.07885040530582167,0.7496619774262474
PD Collingwood,0.9985285690840445,159,0.05979691613388492,0.7495513399014175
Sameer Rizvi,1.0611473214903613,126,0.04798172124904798,0.7494270878984356
MJ Lumb,0.9412734518424227,198,0.07338769458858414,0.7489485225271705
A Manohar,0.9050553220971468,243,0.08858913598250091,0.748895156246122
Kamran Akmal,1.2330206174624514,78,0.030256012412723042,0.7488233430859494
P Kumar,0.8491762103912692,375,0.13043478260869565,0.7487763649426894
MJ Guptill,0.8975774201430926,251,0.09123954925481643,0.7486669948271256
KK Cooper,1.278278712741378,70,0.027237354085603113,0.748548824982647
MN van Wyk,0.8837599248009292,270,0.09747292418772563,0.7483415704006343
DJ Mitchell,0.8806733500059047,274,0.09877433309300648,0.7482319640285235
Rahmanullah Gurbaz,0.8754360243344663,283,0.10168882500898312,0.7481276914122027
R Bhatia,0.8638191482758015,309,0.11000355998576006,0.7480281549059199
Atharva Taide,0.9357388384835639,188,0.06994047619047619,0.7478459345046192
PP Chawla,0.8021125273265988,647,0.2055926278995869,0.7477781301219624
DJG Sammy,0.8874114588639982,251,0.09123954925481643,0.7477394571022791
AS Raut,0.895169488169847,237,0.0865911582024114,0.7476967990536207
SD Hope,1.025885568847576,125,0.047619047619047616,0.7476292062550298
PBB Rajapaksa,0.9206211269006785,201,0.07441688263606072,0.7476252561349659
DT Christian,0.8257431283886234,445,0.15110356536502548,0.7476219566880964
JO Holder,0.9022535402915468,222,0.08155767817781043,0.7474618869427736
DB Das,0.8729722160856299,267,0.09649439826526925,0.7471537954493565
M Morkel,1.0559154995543418,104,0.039938556067588324,0.7465845554021344
Anuj Rawat,0.8619541488625395,276,0.0994236311239193,0.7464662519450891
DH Yagnik,0.9706482285930496,142,0.053747161241483724,0.7464508019582586
SM Pollock,1.0192389050508697,116,0.04434250764525994,0.7463771725150639
R Dhawan,0.9124040510118471,188,0.06994047619047619,0.7462138883570438
Arshad Khan,1.0912032762672756,90,0.03474903474903475,0.7461387124237687
DB Ravi Teja,0.8189038928024549,426,0.14559125085440874,0.7461189434885004
HV Patel,0.8702194901845226,244,0.08892128279883382,0.7458544190665196
R Vinay Kumar,0.8333307725463376,333,0.11754324038122133,0.7454253856588199
MS Gony,1.0975498756268425,83,0.03213317847464189,0.7454075145143377
AB Agarkar,0.8787515653448691,218,0.08020603384841796,0.7453490844586783
AC Voges,0.9484731709401549,143,0.0541051835035944,0.7453358432682362
Avesh Khan,1.4834000875910256,39,0.01536037810161481,0.7452318132058119
Sikandar Raza,0.9368043558132827,143,0.0541051835035944,0.7447044998845272
R Sathish,0.8606241407911809,236,0.08625730994152046,0.7446631094810764
J Botha,0.7969222428934276,485,0.1624790619765494,0.7439860161195373
TK Curran,0.9428397969702601,124,0.04725609756097561,0.7435987443360589
LH Ferguson,1.2453297761917923,49,0.01922322479403688,0.7435512472918414
Misbah-ul-Haq,1.042745502172249,82,0.031758326878388844,0.7435306357442412
B Lee,0.9160838295929273,137,0.051952976867652635,0.7431909195933778
Sunny Singh,1.232627933785533,48,0.018838304552590265,0.7431150357673516
DL Chahar,1.0061498664151705,89,0.034376207029741215,0.7430816177769242
LA Pomersbach,0.8174750359111276,300,0.10714285714285714,0.7426905289595873
Shahid Afridi,1.206407728687262,46,0.018067556952081697,0.7422567658417598
HC Brook,0.8737980138346272,159,0.05979691613388492,0.7420928373498352
Urvil Patel,1.357761870010591,34,0.013417521704814523,0.7420895319233886
S Gopal,0.8456797112210417,200,0.07407407407407407,0.7420099676139684
M Manhas,0.7767415517693603,584,0.1893644617380026,0.7418638250800301
RE van der Merwe,0.820852798447942,254,0.09222948438634714,0.7417529343207274
Umar Gul,1.786521804917328,19,0.007542675664946407,0.7416573579225628
Azmatullah Omarzai,0.9738119755208066,77,0.029879705083430345,0.7408903734686102
Sachin Baby,0.8860293567139669,123,0.04689287075867327,0.7408587804762959
AP Tare,0.8023253024430372,285,0.10233393177737882,0.7407374080825034
K Rabada,0.8174361885027212,220,0.08088235294117647,0.7404878425676855
KA Jamieson,0.9590138772760342,77,0.029879705083430345,0.7404482106572607
AUK Pathan,1.2381815625837205,33,0.013028030003947888,0.7402885755541923
TR Birt,1.018358991045232,59,0.023055881203595155,0.7402790741638042
C Bosch,1.2509462444297865,32,0.01263823064770932,0.7402532583472589
Y Nagar,0.7949752408560739,293,0.10490511994271393,0.7401427554186667
JG Bethell,1.1469502199642416,39,0.01536037810161481,0.7400638160268261
SA Asnodkar,0.7749538849058905,450,0.15254237288135594,0.7400068537359854
C Munro,0.8261417433971615,181,0.06751212234240955,0.7399562200180503
D Pretorius,1.2957985279002702,28,0.011075949367088608,0.7399419814456938
B Akhil,0.9522128310549406,73,0.028371550719005052,0.7399154710379
PN Mankad,0.93644495768257,75,0.02912621359223301,0.7396211037435725
UT Yadav,0.8056126275149493,220,0.08088235294117647,0.7395315251348511
S Anirudha,0.8209976779905229,178,0.06646751306945482,0.7395177584002312
AB McDonald,0.8749661447252296,107,0.04104334484081319,0.7395137505942102
TG Southee,0.8724765611216365,108,0.04141104294478527,0.7394625916083754
B Chipli,0.783715244539177,306,0.1090520313613685,0.73916886498307
AC Blizzard,0.8839763693424092,91,0.03512157468159012,0.7389937552773699
LA Carseldine,0.831081414136615,142,0.053747161241483724,0.7389494818777084
S Sohal,0.7701533397334664,413,0.14177823549605217,0.7388823548312489
AN Ahmed,1.2134536857609883,27,0.010684606252473288,0.7388421922552644
AJ Tye,0.8909556531079585,81,0.031383184812088336,0.738651057038067
D Salunkhe,1.2470732943326477,24,0.009508716323296355,0.7385977533191324
AP Dole,1.2665371467874926,23,0.009116131589377725,0.7385736522749182
MJ McClenaghan,0.8981889297316074,75,0.02912621359223301,0.7385068505022824
Akash Deep,1.5743204119004552,14,0.005568814638027049,0.7383975561177855
MM Patel,0.9121277131009093,67,0.026100506427736658,0.7383730140597067
Ankit Sharma,0.9045539706213006,69,0.026858699883223043,0.7383048634824351
S Vidyut,0.8372876878610352,115,0.04397705544933078,0.7382711489168357
PHKD Mendis,0.8904217627662627,72,0.027993779160186624,0.7381031637763131
NM Coulter-Nile,0.883007335173755,75,0.02912621359223301,0.7380646681365196
S Rana,0.8657968869853969,82,0.031758326878388844,0.7379110437824589
LPC Silva,1.122638179131396,27,0.010684606252473288,0.7378718643253083
KS Bharat,0.798720272900679,168,0.06296851574212893,0.7378095862671741
PVD Chameera,0.9565502766046907,46,0.018067556952081697,0.7377424520963559
S Narwal,1.0832121727953314,29,0.011466982997232108,0.7377240503458169
CR Woakes,0.851217924090692,88,0.03400309119010819,0.7377118035678081
RR Powar,0.853007129940337,86,0.033255993812838364,0.7376835202971289
Iqbal Abdulla,0.8476259761561635,89,0.034376207029741215,0.7376321677062205
GD Phillips,0.9152992131250672,55,0.021526418786692758,0.737625216060816
SS Prabhudessai,0.823532451893405,113,0.04324531190202832,0.7376005118168624
RS Bopara,0.7539113802208272,592,0.19146183699870634,0.7375829584101669
WPUJC Vaas,0.8382626006657066,94,0.036237471087124135,0.7375048784796001
BB Samantray,0.8176909647207246,116,0.04434250764525994,0.7374400314300881
Vivrant Sharma,0.9183673469387755,49,0.01922322479403688,0.7372659750151064
Umran Malik,1.280932109483945,16,0.006359300476947536,0.7371962973232311
Lalit Yadav,0.7632047225342278,332,0.1172316384180791,0.7371733538823693
AL Menaria,0.7596995401909006,382,0.1325468424705066,0.7371603728891153
RD Chahar,0.7999614185316699,137,0.051952976867652635,0.7371580146576963
M Markande,0.9322942524983805,44,0.01729559748427673,0.7371509109368848
MG Johnson,0.7881407532388979,168,0.06296851574212893,0.737143409616807
DL Vettori,0.794150069382071,150,0.05660377358490566,0.7371371625361572
Salman Butt,0.78675259636322,172,0.06437125748502993,0.7371303955419088
MG Bracewell,0.9022613084388023,49,0.01922322479403688,0.73695636501648
ER Dwivedi,1.2726140952391025,15,0.005964214711729622,0.7369304897582875
CM Gautam,0.7876800325630328,158,0.059443190368698266,0.7369241593146972
A Mithun,1.0443362909719547,26,0.010292953285827395,0.7369135842750503
MW Short,0.8168762871187297,99,0.03809157368218546,0.7368840795453099
J Overton,1.8537406093262663,7,0.002792181890706023,0.7368436994729917
A Flintoff,0.8016415640699907,114,0.04361132364192808,0.7366786949569568
P Sahu,1.2759610749847512,13,0.005173099880620772,0.7365214740502618
Aman Hakim Khan,0.8003864356097895,109,0.04177845917976236,0.7365017599827418
AS Yadav,0.9099281249092661,40,0.015748031496062992,0.7364913761062507
S Aravind,0.8516356093304726,59,0.023055881203595155,0.7364351196811271
Harmeet Singh,1.295213029892582,12,0.004777070063694267,0.7363986969236533
KT Maphaka,2.92423431440767,3,0.0011985617259288853,0.7363418590718055
AJ Hosein,1.3291974156313384,11,0.004380724810832338,0.7363250266369777
RR Raje,0.969815451576567,27,0.010684606252473288,0.7362390136549559
J Suchith,0.8176908811786425,77,0.029879705083430345,0.736225521212364
Joginder Sharma,0.8623376741487304,48,0.018838304552590265,0.7361393950834558
L Wood,2.680548121553237,3,0.0011985617259288853,0.7360497861279128
MD Mishra,0.7632611755985808,213,0.07851087357169186,0.7360359751994117
Harshit Rana,0.8363090140255265,57,0.022291748142354323,0.7360033571032308
M Kartik,0.7782353256712033,129,0.04906808672499049,0.7359008472138042
BKG Mendis,1.2308420072952353,11,0.004380724810832338,0.7358941586594002
Swapnil Singh,0.8510317767268829,46,0.018067556952081697,0.7358359905903153
TU Deshpande,0.9551467370783201,24,0.009508716323296355,0.7358219064989644
DW Steyn,0.7641107945576647,185,0.06890130353817504,0.7358106023488544
OF Smith,0.8398388682376886,50,0.0196078431372549,0.7357972210687806
SB Jakati,0.8481233107160177,46,0.018067556952081697,0.7357834417150209
J Syed Mohammad,0.926690922814178,27,0.010684606252473288,0.7357782450453064
AU Rashid,1.028884365489095,17,0.006754072308303536,0.7357099739876127
Anmolpreet Singh,0.7774307815036251,117,0.044707680550248374,0.735670757260004
Yudhvir Singh,1.0380651486285488,16,0.006359300476947536,0.7356518333432286
TA Boult,0.7882038977309953,90,0.03474903474903475,0.7356097764900755
A Choudhary,0.9678909905617672,20,0.007936507936507936,0.7355749167161673
KJ Abbott,1.2881402887910876,8,0.003189792663476874,0.7354848854162022
AD Hales,0.7720469269601978,119,0.045437189767086675,0.7354580200923138
SD Chitnis,0.7767464888968759,101,0.03883121876201461,0.7353872993818112
RJ Harris,0.7645660401751089,130,0.049429657794676805,0.7352412758693044
Gulbadin Naib,0.9846429317416497,15,0.005964214711729622,0.7352129679084021
B Stanlake,2.5587050251285564,2,0.0007993605115907274,0.7351752119759247
K Upadhyay,1.1372022333904697,9,0.0035870864886408927,0.7351637267493106
RV Patel,0.7820571358052305,76,0.029503105590062112,0.735142590308503
HR Shokeen,0.7881297815412662,67,0.026100506427736658,0.7351366052500082
Sanvir Singh,0.8913696892852717,22,0.008723235527359239,0.7350916350030858
SA Abbott,0.9255030037939223,18,0.007148530579825258,0.7350873806123102
AP Majumdar,0.7794547692658751,77,0.029879705083430345,0.7350830374648735
BJ Haddin,1.0454545454545454,11,0.004380724810832338,0.7350820272056975
OC McCoy,1.4115700556285984,5,0.001996007984031936,0.7350693894577441
Arjun Tendulkar,1.0997546335293613,9,0.0035870864886408927,0.7350293989698169
I Sharma,0.7717848064181618,89,0.034376207029741215,0.7350250359539292
MA Khote,0.8835187247771917,22,0.008723235527359239,0.7350231491905649
I Malhotra,1.5105317702854852,4,0.001597444089456869,0.7349573072662333
DAJ Bracewell,1.0683252336452056,9,0.0035870864886408927,0.7349166589941463
A Nortje,0.7928655074683338,51,0.0199921599372795,0.7348989067794556
MA Wood,1.0234820100426845,10,0.00398406374501992,0.7348708328342364
KC Cariappa,0.8671081525893615,21,0.008330027766759222,0.7348275452272444
KMDN Kulasekara,1.6552562484970748,3,0.0011985617259288853,0.7348209105309618
SP Fleming,0.7504286015211705,171,0.06402096593036316,0.7347863201698339
DJM Short,0.7603108291196062,102,0.03920061491160646,0.7347589065656057
Sohail Tanvir,0.8184333185953744,31,0.012248123271434215,0.7347540115329763
UT Khawaja,0.7591618943640807,105,0.04030710172744722,0.7347420227338712
AA Chavan,0.9585514018064003,11,0.004380724810832338,0.7347013284481788
R Rampaul,0.781930761058454,52,0.02037617554858934,0.7346988126522515
P Chopra,1.1411754405008299,6,0.0023942537909018356,0.7346919485061897
I Udana,0.9551227537259855,11,0.004380724810832338,0.7346863084844653
Sediqullah Atal,0.8784007826220412,16,0.006359300476947536,0.7346364796643319
RS Sodhi,1.8279526254954153,2,0.0007993605115907274,0.7345910773639078
JPR Scantlebury-Searles,1.0879412213221424,6,0.0023942537909018356,0.7345644922751154
JJ van der Wath,0.8546739040075214,17,0.006754072308303536,0.7345333439339032
M Jansen,0.7487509774893975,140,0.05303030303030303,0.7345136769553113
A Kamboj,0.8633895820723441,15,0.005964214711729622,0.7344897868964578
DNT Zoysa,0.9457495627206226,9,0.0035870864886408927,0.7344769694611366
Shivam Sharma,1.3573324797895532,3,0.0011985617259288853,0.7344638305045444
T Taibu,0.8062864111694202,26,0.010292953285827395,0.734463347982546
BR Dunk,0.7862578724725958,36,0.014195583596214511,0.7344622451587223
JL Pattinson,0.8777309771488534,13,0.005173099880620772,0.7344613899786874
Rasikh Salam,0.7801258140994005,40,0.015748031496062992,0.7344472452273553
R Sai Kishore,0.8370793355788788,16,0.006359300476947536,0.7343737041664421
Harpreet Singh,0.7470976731790842,119,0.045437189767086675,0.7343243961137141
VRV Singh,1.2258968822133032,3,0.0011985617259288853,0.734306296827865
DM Bravo,1.023656360696324,5,0.001996007984031936,0.734295110625544
V Viyaskanth,1.0234820100514228,5,0.001996007984031936,0.7342947626202648
Mukesh Choudhary,0.9747447714775453,6,0.0023942537909018356,0.7342934712459583
AC Thomas,0.8073415894670882,19,0.007542675664946407,0.7342717191398893
Arshad Khan (2),1.0530950547799753,4,0.001597444089456869,0.7342265776887484
RJ Peterson,0.7703712911218887,32,0.01263823064770932,0.7341796412438415
F Behardien,0.8200754782820964,13,0.005173099880620772,0.7341631323243826
MJ Santner,0.7419752009114359,132,0.05015197568389058,0.7341305839034254
CA Ingram,0.7388162059890641,218,0.08020603384841796,0.7341254242895962
AR Bawne,0.8160691058138546,12,0.004777070063694267,0.7341097928277358
KAJ Roach,0.8348612105278949,9,0.0035870864886408927,0.7340792033512384
Mohsin Khan,0.7664899171752633,27,0.010684606252473288,0.7340665603788044
J Yadav,0.7561504807736373,38,0.014972419227738377,0.7340522807655259
Imran Tahir,0.7552981149156118,37,0.014584154513204573,0.7340311393635727
Vijaykumar Vyshak,0.7911820924657497,13,0.005173099880620772,0.7340136639536653
BA Bhatt,0.8354955184093246,7,0.002792181890706023,0.7340005739698331
DE Bollinger,0.7628437341972062,23,0.009116131589377725,0.7339819168450424
Saurav Chauhan,0.7735804723831513,16,0.006359300476947536,0.7339698958154359
VS Malik,0.8130977648098199,7,0.002792181890706023,0.73393803536784
Mohammed Siraj,0.7355624298117921,128,0.0487062404870624,0.7338063018757289
AS Roy,0.7398223091482532,25,0.009900990099009901,0.7337768427889951
SP Jackson,0.7357103691021021,57,0.022291748142354323,0.7337608374471357
PVSN Raju,0.731058578608159,1,0.00039984006397441024,0.7337153254266751
DP Vijaykumar,0.731058578608159,1,0.00039984006397441024,0.7337153254266751
SZ Mulani,0.731058578608159,1,0.00039984006397441024,0.7337153254266751
NJ Rimmington,0.7310585786177166,2,0.0007993605115907274,0.7337142635774349
RJ Gleeson,0.731058578608159,2,0.0007993605115907274,0.7337142635774272
RG More,0.7310585786054283,2,0.0007993605115907274,0.733714263577425
Mashrafe Mortaza,0.7310585786103437,4,0.001597444089456869,0.7337121424233017
Y Gnaneswara Rao,0.7331119964034363,18,0.007148530579825258,0.7337120676126958
GD McGrath,0.7310585786081589,5,0.001996007984031936,0.733711083116386
NL McCullum,0.732658294872105,23,0.009116131589377725,0.7337067424080717
CRD Fernando,0.7235926607417875,3,0.0011985617259288853,0.7337042542132367
VH Zol,0.7313235499246337,26,0.010292953285827395,0.7336917587535814
Abdul Basith,0.660756368749213,1,0.00039984006397441024,0.7336872157865876
SS Shaikh,0.7261983534299549,14,0.005568814638027049,0.7336745215837414
GB Hogg,0.7206363963372344,22,0.008723235527359239,0.7336022882763384
MP Breetzke,0.7083333333333334,12,0.004777070063694267,0.7335951314942302
AA Kulkarni,0.6875,8,0.003189792663476874,0.7335689674296276
Liton Das,0.625,4,0.001597444089456869,0.7335427197737645
DT Patil,0.6959943604959817,13,0.005173099880620772,0.733521248308776
SD Lad,0.6923076923076923,13,0.005173099880620772,0.7335021768060113
AS Joseph,0.7166772760403242,32,0.01263823064770932,0.7335010438968391
MDKJ Perera,0.6875248845484296,13,0.005173099880620772,0.7334774348637627
KB Arun Karthik,0.7208327880844408,53,0.020759890325107718,0.7334489260015596
U Kaul,0.0,1,0.00039984006397441024,0.7334230189178353
Y Prithvi Raj,0.0,1,0.00039984006397441024,0.7334230189178353
Mayank Dagar,0.0,1,0.00039984006397441024,0.7334230189178353
YA Abdulla,0.0,1,0.00039984006397441024,0.7334230189178353
PM Sarvesh Kumar,0.3655292893040795,2,0.0007993605115907274,0.7334220738977276
VS Yeligati,0.3655292893040795,2,0.0007993605115907274,0.7334220738977276
Mohit Rathee,0.36552928930271417,2,0.0007993605115907274,0.7334220738977266
S Tyagi,0.5482939339561193,4,0.001597444089456869,0.7334201861219373
SJ Srivastava,0.5848468628843426,5,0.001996007984031936,0.7334192433644423
B Sumanth,0.7136891264936033,38,0.014972419227738377,0.7334165315682677
LB Williams,0.35547475130325445,2,0.0007993605115907274,0.7334140366970875
SH Johnson,0.6645987078236131,11,0.004380724810832338,0.7334136025884374
Navdeep Saini,0.3510316849266584,2,0.0007993605115907274,0.7334104850852757
CK Langeveldt,0.6473412083632097,9,0.0035870864886408927,0.7334065528851236
A Dananjaya,0.5732487793820937,5,0.001996007984031936,0.7333960934971723
Shivam Singh,0.4475649689734771,3,0.0011985617259288853,0.7333734179865867
JE Taylor,0.5181163307866666,4,0.001597444089456869,0.7333719790881202
JEC Franklin,0.7305392224208067,309,0.11000355998576006,0.7333668885872323
DS Lehmann,0.6862455367758201,19,0.007542675664946407,0.7333583308901338
RA Bawa,0.682160459093625,18,0.007148530579825258,0.7333478389901475
CJ Jordan,0.7211980639987988,81,0.031383184812088336,0.7333235232457997
JDS Neesham,0.7223603222180449,93,0.03586579251831855,0.7333090938217449
R McLaren,0.7283456435548915,224,0.08223201174743025,0.7332747409947878
JM Kemp,0.6875384126655746,25,0.009900990099009901,0.7332591804475824
PK Garg,0.7282167818828935,247,0.08991627229705133,0.7332218840329745
RE Levi,0.7164333594490284,74,0.028749028749028748,0.7332195178371151
Sunny Gupta,-0.6852009766466748,1,0.00039984006397441024,0.7331490481154976
JL Denly,-0.6970592839360784,1,0.00039984006397441024,0.7331443066891524
Ankit Soni,0.5736964058020664,9,0.0035870864886408927,0.7331423826088979
S Lamichhane,-0.7310585786054283,1,0.00039984006397441024,0.7331307124089967
S Kaushik,-0.731058578608159,1,0.00039984006397441024,0.7331307124089956
V Pratap Singh,-0.731058578608159,1,0.00039984006397441024,0.7331307124089956
Abdur Razzak,0.0,2,0.0007993605115907274,0.7331298842180282
MJ Suthar,0.0,2,0.0007993605115907274,0.7331298842180282
L Ngidi,0.0,2,0.0007993605115907274,0.7331298842180282
M de Lange,0.0,2,0.0007993605115907274,0.7331298842180282
L Ablish,0.0,2,0.0007993605115907274,0.7331298842180282
KA Maharaj,0.0,2,0.0007993605115907274,0.7331298842180282
T Shamsi,0.3655292892986181,4,0.001597444089456869,0.7331282298205674
T Natarajan,0.4386351471648954,5,0.001996007984031936,0.7331274036125073
P Parameswaran,0.23698316753550297,3,0.0011985617259288853,0.733121022699206
SE Bond,-0.011729924181184792,2,0.0007993605115907274,0.7331205077798337
MD Shanaka,0.6757988408646868,26,0.010292953285827395,0.7331202455170183
DG Nalkande,0.6029939222638993,12,0.004777070063694267,0.7330919177470832
M Tiwari,0.33648933634897193,4,0.001597444089456869,0.7330818401193698
AT Carey,0.6732036957482799,29,0.011466982997232108,0.7330224901107973
J Arunkumar,0.6603146292806007,24,0.009508716323296355,0.7330184316229164
PWA Mulder,0.5867292206774133,12,0.004777070063694267,0.7330142201280394
SW Tait,0.6627629744695466,26,0.010292953285827395,0.7329860679531728
Shoaib Malik,0.6939351950806676,49,0.01922322479403688,0.7329516653089285
G Coetzee,0.6734729530495448,33,0.013028030003947888,0.7329315348456933
AA Noffke,0.5689637632141071,12,0.004777070063694267,0.7329293532930237
R Bishnoi,0.6744123032313272,34,0.013417521704814523,0.7329206742791522
MJ Owen,-0.2749169986512886,2,0.0007993605115907274,0.7329101264253413
R Shukla,0.642086657104641,23,0.009116131589377725,0.732881079439918
R Sanjay Yadav,-0.3510316849266584,2,0.0007993605115907274,0.7328492833507806
BE Hendricks,0.008424516929206058,3,0.0011985617259288853,0.7328470810484594
SS Cottrell,-0.3543304125045222,2,0.0007993605115907274,0.7328466464782164
IC Pandey,-0.3543304125045222,2,0.0007993605115907274,0.7328466464782164
SB Wagh,0.00386718035765532,3,0.0011985617259288853,0.7328416187992726
KM Asif,-0.3655292893040795,2,0.0007993605115907274,0.7328376945383287
DJ Muthuswami,0.0,3,0.0011985617259288853,0.7328369837449086
KR Sen,0.0,3,0.0011985617259288853,0.7328369837449086
LE Plunkett,-0.0026104152315832296,3,0.0011985617259288853,0.7328338550011232
J Theron,0.5623527527731363,13,0.005173099880620772,0.7328299069238189
S Randiv,0.1771652062522611,4,0.001597444089456869,0.732827328729439
RJW Topley,0.36179633037089376,6,0.0023942537909018356,0.7328259171172113
GHS Garton,0.1755158424633292,4,0.001597444089456869,0.7328246939630031
JP Behrendorff,0.4799064678724011,9,0.0035870864886408927,0.7328059499897799
DJ Harris,0.7102380576461507,103,0.039569727237802534,0.7327873569923395
Parvez Rasool,0.6159306228127368,20,0.007936507936507936,0.7327815804641908
XC Bartlett,0.5669286600072355,15,0.005964214711729622,0.7327216303036242
KW Richardson,0.66884744716234,39,0.01536037810161481,0.7327199766651585
AG Murtaza,0.5515502318367445,14,0.005568814638027049,0.7327019385677092
RV Gomez,0.6850773489855047,54,0.021143304620203602,0.7326879981044336
MA Starc,0.7111200221211895,120,0.04580152671755725,0.7326814400641408
DJ Malan,0.6270430202101956,26,0.010292953285827395,0.7326184041326094
RR Bhatkal,-0.6569220391823574,2,0.0007993605115907274,0.7326047666807122
Musheer Khan,-0.2202521229164043,3,0.0011985617259288853,0.7325729979803264
C Nanda,-0.7043875728916804,2,0.0007993605115907274,0.7325668246074033
NJ Maddinson,0.5952380952380952,21,0.008330027766759222,0.7325628601005578
RP Meredith,-0.24368619286938634,3,0.0011985617259288853,0.732544910800998
MS Bhandage,0.0,4,0.001597444089456869,0.732544317217854
K Yadav,0.0,4,0.001597444089456869,0.732544317217854
DS Rathi,0.0,4,0.001597444089456869,0.732544317217854
KP Appanna,0.1462117157216318,5,0.001996007984031936,0.7325437241086284
HF Gurney,0.1462117157216318,5,0.001996007984031936,0.7325437241086284
FH Edwards,0.4374026922992023,10,0.00398406374501992,0.7325358554727085
H Das,0.14041267397066337,5,0.001996007984031936,0.7325321491749938
NA Saini,0.6524843645175725,37,0.014584154513204573,0.7325316877416856
R Ninan,0.23622027500301482,6,0.0023942537909018356,0.7325252561706004
A Chandila,0.3032676465665044,7,0.002792181890706023,0.7325144969443446
Basil Thampi,0.6522387701126103,38,0.014972419227738377,0.7324964710708375
Karanveer Singh,0.5524572208155336,17,0.006754072308303536,0.7324921506028489
BR Sharath,0.11106561105125434,5,0.001996007984031936,0.7324735722030987
A Tomar,0.3347835442680597,8,0.003189792663476874,0.7324438750668464
A Uniyal,0.2772803007347907,7,0.002792181890706023,0.7324419355479257
SB Styris,0.7097033323681897,144,0.05446293494704992,0.7324085666318176
TL Seifert,0.6037330493821569,26,0.010292953285827395,0.7323784756917824
AB Barath,0.6509019992953607,43,0.016909162406606372,0.7323160661750715
HE van der Dussen,0.5885599681089773,25,0.009900990099009901,0.7322791958480122
Jaskaran Singh,0.40105682021905964,11,0.004380724810832338,0.7322590981027145
Mohammad Asif,0.1181101375015074,6,0.0023942537909018356,0.7322424705261434
N Jagadeesan,0.7081949133980865,155,0.0583804143126177,0.7322264338569529
DJ Willey,0.6734357380598962,64,0.0249609984399376,0.7322117229131591
P Ray Barman,0.5814656044993074,25,0.009900990099009901,0.732208954624154
Vishnu Vinod,0.6667645309354574,58,0.022673964034401875,0.7321983241234412
BB Sran,0.5050347620926818,17,0.006754072308303536,0.7321718558875971
Kartik Tyagi,0.49074790071866514,16,0.006359300476947536,0.7321712785075536
GR Napier,0.6089068609202565,32,0.01263823064770932,0.7321390165335523
C Madan,0.5422072129362887,21,0.008330027766759222,0.7321211113784881
M Ntini,0.5221711342171906,19,0.007542675664946407,0.7321207708867142
Younis Khan,0.153043905951113,7,0.002792181890706023,0.7320950449362441
KS Rathore,-0.10713073416577909,5,0.001996007984031936,0.7320380505559589
Shivam Mavi,0.6591436390210841,58,0.022673964034401875,0.7320255282942647
TM Srivastava,0.37215121381001975,12,0.004777070063694267,0.731989165955106
Mujeeb Ur Rahman,0.5010817567542311,19,0.007542675664946407,0.7319617005525355
Akash Madhwal,0.41774775920466223,14,0.005568814638027049,0.7319568173995114
Prince Yadav,0.32822703507602946,11,0.004380724810832338,0.7319400508559708
D Kalyankrishna,0.17644625695357483,8,0.003189792663476874,0.7319388119494158
Kamran Khan,0.287186961340281,10,0.00398406374501992,0.7319373864250635
AN Ghosh,0.44639671640450596,16,0.006359300476947536,0.7318892359999913
JE Root,0.42540200798595684,15,0.005964214711729622,0.731877534963537
T Banton,0.5194204722242624,22,0.008723235527359239,0.7318470343784458
Naveen-ul-Haq,0.547708067729932,26,0.010292953285827395,0.7318018131727967
SK Rasheed,0.6592034785866159,67,0.026100506427736658,0.731771563451036
FA Allen,0.474873361944348,19,0.007542675664946407,0.7317640191307857
BAW Mendis,0.0019949945878893365,7,0.002792181890706023,0.7316732889013249
Shoaib Akhtar,0.08565012208083435,8,0.003189792663476874,0.7316491911045266
RS Gavaskar,0.08259454609365162,8,0.003189792663476874,0.7316394444506601
Kumar Kushagra,-0.02028923276294097,7,0.002792181890706023,0.7316110672852675
K Kartikeya,0.437870766955899,18,0.007148530579825258,0.7316015266555649
Sumit Kumar,0.5278355624072364,26,0.010292953285827395,0.7315972664038378
YV Takawale,0.7041790019552766,205,0.07578558225508318,0.7314778801162063
AA Jhunjhunwala,0.7055202680110155,218,0.08020603384841796,0.731454889161114
GC Viljoen,0.005408552235760977,8,0.003189792663476874,0.731393237133729
Yash Dayal,0.08122873095646212,9,0.0035870864886408927,0.7313758584663669
Simarjeet Singh,0.3379117767378743,15,0.005964214711729622,0.7313557244391946
SMSM Senanayake,0.3803809614530658,17,0.006754072308303536,0.7313299351045723
PSP Handscomb,0.23138668969011322,12,0.004777070063694267,0.7313167239609026
TS Mills,0.2960649772179113,14,0.005568814638027049,0.7312791885419877
Suryansh Shedge,0.2173575967825666,12,0.004777070063694267,0.7312497060011532
D Ferreira,0.2831813008925198,14,0.005568814638027049,0.7312074417366753
R Sharma,0.6484350437509591,77,0.029879705083430345,0.7311682067063757
Anirudh Singh,0.6382173775725826,69,0.026858699883223043,0.7311514088618195
CJ McKay,0.3013062762322986,15,0.005964214711729622,0.7311374013745491
X Thalaivan Sargunam,0.34981219521577633,17,0.006754072308303536,0.73112347144703
P Dubey,0.5340994880887445,33,0.013028030003947888,0.7311157731624298
UA Birla,0.29617496280334493,15,0.005964214711729622,0.7311067971195055
Pankaj Singh,0.26348233468471927,14,0.005568814638027049,0.7310977418453033
JR Hazlewood,0.510247821452346,30,0.011857707509881422,0.731066563224141
JDP Oram,0.6977907123258644,204,0.07544378698224852,0.7310060190931889
A Mukund,0.42806098357576994,23,0.009116131589377725,0.7309299932365236
L Ronchi,0.5496711285448633,40,0.015748031496062992,0.7308180375808271
D du Preez,0.451549802121204,26,0.010292953285827395,0.7308120606368399
B Laughlin,0.1722333336758432,13,0.005173099880620772,0.7308117802034588
SM Harwood,0.46996622911026076,28,0.011075949367088608,0.7307951047185893
Fazalhaq Farooqi,0.24368619286902227,15,0.005964214711729622,0.7307937428256627
DP Nannes,0.16870582583223198,13,0.005173099880620772,0.7307935320530542
BMAJ Mendis,0.45691234486319776,27,0.010684606252473288,0.7307588459140533
DR Sams,0.5734064248112851,48,0.018838304552590265,0.7306964202136766
SL Malinga,0.657620927596398,104,0.039938556067588324,0.7306772453085759
AD Mascarenhas,0.6659264799447767,118,0.04507257448433919,0.7306609224396448
Anureet Singh,0.5680957944068304,47,0.01845308205732234,0.7306601777191313
Mohammed Shami,0.658400280283793,106,0.04067536454336147,0.7306528779829579
C Sakariya,0.4791155444386372,31,0.012248123271434215,0.7305980056069159
DR Martyn,0.42872153832563026,26,0.010292953285827395,0.7305770903839955
NT Ellis,0.4270024145816604,26,0.010292953285827395,0.7305593955236063
Mukesh Kumar,0.3267365850129409,20,0.007936507936507936,0.7304863896880021
YV Dhull,0.378752649808808,23,0.009116131589377725,0.730480491977451
FY Fazal,0.6844449918335354,179,0.06681597611048899,0.7304242716878347
MM Sharma,0.6715827121651033,140,0.05303030303030303,0.7304214204608412
SK Warne,0.7059562541383814,337,0.11878745153330983,0.7304188325548611
T Kohler-Cadmore,0.5761232145551518,54,0.021143304620203602,0.730384347650542
A Kumble,0.6085510924407314,69,0.026858699883223043,0.730354611012813
M Kaif,0.6976572994277095,258,0.09354604786076867,0.7303432028882724
MS Bisla,0.7195550579980211,787,0.23942804989351993,0.7303257684691052
KMA Paul,0.5037805478845957,38,0.014972419227738377,0.730273692329835
CK Kapugedera,0.3685154382016913,24,0.009508716323296355,0.7302437958915796
S Ladda,-0.14144458528233436,10,0.00398406374501992,0.7302296910201924
P Awana,0.10603677934317927,14,0.005568814638027049,0.730220956732025
S Chanderpaul,0.4615472296547927,33,0.013028030003947888,0.7301705601626981
Tanush Kotian,0.453125,32,0.01263823064770932,0.7301702094445127
SB Joshi,0.17397686841967147,16,0.006359300476947536,0.7301568363307714
S Sriram,0.49269252362458227,38,0.014972419227738377,0.7301076777822066
AF Milne,0.4327781484919452,31,0.012248123271434215,0.7300304594692836
R Minz,0.15024801772181984,16,0.006359300476947536,0.7300059374392112
KS Sharma,0.35591580442660564,25,0.009900990099009901,0.7299757882868007
JR Philippe,0.6117978919271363,80,0.031007751937984496,0.7299359696386346
DS Kulkarni,0.6573860765518134,131,0.04979095400988218,0.7299158290922819
AS Rajpoot,0.4965839051373255,41,0.016135379771743407,0.7298901654561735
T Henderson,0.4300915007676458,32,0.01263823064770932,0.7298791067685905
A Zampa,0.33361850276960725,25,0.009900990099009901,0.7297550229238601
Shoaib Ahmed,-0.11362636410034772,12,0.004777070063694267,0.7296685724300565
MJ Clarke,0.6242224907651833,96,0.03697996918335902,0.7296673071752557
KK Ahmed,-0.19829553840393244,11,0.004380724810832338,0.7296335003548639
ND Doshi,-0.05623527527755069,13,0.005173099880620772,0.7296298892697565
PR Shah,0.6615438532854009,151,0.05695963787250094,0.7296054666765756
JJ Bumrah,0.6022838064261636,84,0.032507739938080496,0.7294438119401331
M Muralitharan,0.44609574255578366,38,0.014972419227738377,0.7294100112413815
B Indrajith,0.3808613818931453,31,0.012248123271434215,0.7293945765121272
A Singh,-0.1028819041070424,13,0.005173099880620772,0.7293885815997273
Kuldeep Yadav,0.6841302768493366,240,0.08759124087591241,0.7293730791085209
Mustafizur Rahman,0.33942005435378814,28,0.011075949367088608,0.7293491818969196
M Klinger,0.5891439322915347,78,0.030256012412723042,0.7293422021071552
AJ Turner,0.4402079578749789,38,0.014972419227738377,0.7293218568608179
Arshdeep Singh,0.4998030535932199,48,0.018838304552590265,0.7293098574905733
VY Mahesh,0.3313070607709895,28,0.011075949367088608,0.7292593227907809
KL Nagarkoti,0.3997566434844513,34,0.013417521704814523,0.7292354760031483
M Rawat,0.6046359204363743,90,0.03474903474903475,0.7292309664682548
Sandeep Sharma,0.5827125658058263,79,0.030632027917797598,0.7290908348244152
T Thushara,0.28153080660318314,27,0.010684606252473288,0.7288849632337919
T Kohli,0.22367802926576386,24,0.009508716323296355,0.7288665780570066
RR Sarwan,0.5711002793288059,78,0.030256012412723042,0.728796273119144
MS Wade,0.6617537532539267,185,0.06890130353817504,0.7287580687767161
A Mishra,0.7030595552363436,485,0.1624790619765494,0.7287352946744163
M Prasidh Krishna,0.2083951412626475,24,0.009508716323296355,0.7287212574103843
S Kaul,0.3749727904788952,36,0.014195583596214511,0.7286238133954047
S Badree,0.21705087814040533,25,0.009900990099009901,0.7286008880265412
DR Shorey,0.3157442235178539,31,0.012248123271434215,0.7285970135292611
M Theekshana,0.3400125454877874,34,0.013417521704814523,0.7284338582715435
Virat Singh,0.36967370042256786,38,0.014972419227738377,0.7282657883883231
PWH de Silva,0.5845081299779245,95,0.036608863198458574,0.7282540434148012
Noor Ahmad,0.3340642216599671,35,0.013806706114398421,0.7281985081150316
SB Bangar,0.5187203965210073,67,0.026100506427736658,0.7281048838645944
AD Nath,0.5827764563538884,99,0.03809157368218546,0.7279668485927439
VG Arora,0.14594822744581923,25,0.009900990099009901,0.7278969013860007
Z Khan,0.631946959863544,152,0.05731523378582202,0.7278834495523246
DJ Thornely,0.45720167713324655,54,0.021143304620203602,0.7278699533589278
PV Tambe,0.3498394283067887,39,0.01536037810161481,0.7278198928780902
IS Sodhi,0.23125085578532806,30,0.011857707509881422,0.727758298809117
AG Paunikar,0.5578965549559073,88,0.03400309119010819,0.7277379703051107
JA Richardson,0.43695971798014904,52,0.02037617554858934,0.727669622119308
A Nehra,0.4788952741900734,64,0.0249609984399376,0.7273557986979997
RK Bhui,0.12732128899541287,27,0.010684606252473288,0.7272372952577691
P Dogra,0.6117836371631017,141,0.053388867853085956,0.727206536597313
MC Juneja,0.6056571843172586,134,0.05087319665907365,0.7272016070660664
Mohammad Ashraful,0.04620975572770044,24,0.009508716323296355,0.727179082587548
W Jaffer,0.6163298972619582,148,0.055891238670694864,0.7271555117478383
N Saini,0.6122986832671521,143,0.0541051835035944,0.7271470609234616
CV Varun,0.4108917313336591,53,0.020759890325107718,0.7270145836561653
TD Paine,0.13602317050840443,29,0.011466982997232108,0.7268626501614274
VR Aaron,0.5116217109572914,80,0.031007751937984496,0.726829731469027
L Balaji,0.43158995403695977,60,0.0234375,0.7266352998264547
B Kumar,0.6790561919020693,377,0.1310392770246785,0.7265537555302699
Mohammad Hafeez,0.5130582999443639,84,0.032507739938080496,0.7265432923795793
RJ Quiney,0.6399393277077857,210,0.07749077490774908,0.7264495310450706
Ravi Bishnoi,0.45754852347953645,68,0.0264797507788162,0.7264035318964622
DJ Jacobs,0.5778182981125595,124,0.04725609756097561,0.7263492527741858
S Sreesanth,0.47941322108008594,76,0.029503105590062112,0.7262136549361774
WD Parnell,0.5065378526698754,86,0.033255993812838364,0.7261613401558838
NS Naik,0.36762349782718834,53,0.020759890325107718,0.7261163398740099
MN Samuels,0.6152756988886356,174,0.06507105459985041,0.726009327569233
PA Reddy,0.6099803853658051,167,0.06261717285339333,0.7259683894524169
CJ Ferguson,0.5619626862415411,119,0.045437189767086675,0.7259123825797059
M Ashwin,0.4092644176006768,67,0.026100506427736658,0.72524802738323
Niraj Patel,0.5947401136875662,165,0.06191369606003752,0.7251118533103019
SK Trivedi,0.44495707501822057,80,0.031007751937984496,0.7247626109747922
PJ Sangwan,0.3009883505700425,57,0.022291748142354323,0.7240701236980832
HH Gibbs,0.699749791534823,1181,0.3208367291496876,0.722818656374934
AB Dinda,0.24885908790647338,58,0.022673964034401875,0.7227227511384213
A Chopra,0.43321719264596287,95,0.036608863198458574,0.7227154541868488
JH Kallis,0.7120293288748679,2729,0.5218971122585581,0.7223979745291682
CA Pujara,0.6489747513432709,403,0.13882190837065106,0.7219523923888544
Yashpal Singh,0.49314648716838055,134,0.05087319665907365,0.721477828243762
AA Bilakhia,0.5349042223682973,172,0.06437125748502993,0.7209185990122955
VVS Laxman,0.6240448276409237,333,0.11754324038122133,0.7208252375283918
IR Jaggi,0.47555357587114117,138,0.052312357846853674,0.7202112827080075
PP Ojha,0.05670416080922984,52,0.02037617554858934,0.7199214681330667
RP Singh,0.3488653020508426,95,0.036608863198458574,0.7196274273635207
UBT Chand,0.6095850710607315,326,0.11535739561217269,0.7193969226749132
WA Mota,0.4235236051601354,124,0.04725609756097561,0.7190578877108853
GC Smith,0.677895604557528,914,0.2677211482132396,0.7187719838544485
RT Ponting,0.40430794518978885,129,0.04906808672499049,0.7175529460794937
YS Chahal,0.25134698413345824,89,0.034376207029741215,0.7171343576289626
S Nadeem,0.20134889890131785,89,0.034376207029741215,0.715415613099932
SC Ganguly,0.6852449358852991,1539,0.3810349096310968,0.7152470727014066
SP Goswami,0.5891261429858715,371,0.12922326715430163,0.715031964249831
GH Vihari,0.5582830323599388,331,0.1169198163193218,0.7132047523930223
K Goel,0.5734037775174491,379,0.13164293157346302,0.7126123660967764
