striker,NCBPI,n_balls,confidence,CWBPI,CWBPI_normalized
AB de Villiers,0.4959639499901896,4039,0.617678544119896,0.3978486766965771,1.0
MS Dhoni,0.454353897492552,4511,0.6434174868064471,0.377681434103187,0.9493092631076644
AD Russell,0.5610405740735643,1745,0.4110718492343934,0.3715783049863159,0.9339689353037699
SA Yadav,0.4709026056057466,3173,0.5593160585228274,0.3688538816315134,0.9271210468618026
CH Gayle,0.4371672052262937,3783,0.6021009072099316,0.358449409562249,0.900969214070363
RR Pant,0.4684901867689737,2662,0.5156915924060441,0.3575077450770146,0.8986023229874185
V Kohli,0.3986595698134052,7060,0.7384937238493724,0.3569948395179061,0.897313125387549
KA Pollard,0.468571572537853,2555,0.5054401582591493,0.3551996974763117,0.8928010026968318
JC Buttler,0.4531653677233386,2912,0.5380635624538064,0.3543887017218964,0.8907625498831914
DA Warner,0.4092823264941329,5205,0.6755353666450357,0.3541399886191438,0.8901374049039049
KD Karthik,0.4244372542356505,4028,0.6170343137254902,0.3535489220235511,0.8886517480946365
N Pooran,0.5365057559883236,1533,0.3801140590131416,0.3522929399550314,0.8854948139584007
SK Raina,0.4109603241292841,4703,0.6529223934471748,0.3513925457848902,0.8832316565750021
KL Rahul,0.4171799240874899,4189,0.6262520556136941,0.3507102414278721,0.881516671966574
RG Sharma,0.3919153782198001,6070,0.7082847141190198,0.3474049531741807,0.8732087688685019
SV Samson,0.4192806616253924,3621,0.59157000490116,0.3457849009400567,0.8691367376440282
HH Pandya,0.4716024917819245,2081,0.4542676271556429,0.3448458607960546,0.8667764428912615
YK Pathan,0.4460553420678372,2559,0.505831191935165,0.3438999255307643,0.8643988171237346
DA Miller,0.4470946995588276,2380,0.4877049180327868,0.3406597311185556,0.8562545285989799
GJ Maxwell,0.461823710338415,2022,0.4471472799646174,0.3388194704141567,0.851628999315638
F du Plessis,0.4000999194438305,3819,0.6043677797119797,0.3364955998203086,0.8457879076394164
Shubman Gill,0.4117407068550868,3040,0.5487364620938628,0.3339396844310479,0.839363567082391
SR Watson,0.4114957044312762,3026,0.5475931958016649,0.3336084155840723,0.8385309167146024
S Dhawan,0.372221347362974,5761,0.6973731993705362,0.3320059659928138,0.8345031300582185
AT Rayudu,0.389433257700424,3662,0.5942875689711132,0.328535977378691,0.8257812495610032
SS Iyer,0.4005711161930199,3010,0.5462794918330308,0.3274143670870292,0.8229620613687116
RA Jadeja,0.4016398813883383,2938,0.5402721588819419,0.3270231839697461,0.8219788153754582
V Sehwag,0.4326577886752229,1997,0.4440738269957749,0.3251838351996802,0.8173555782559121
H Klaasen,0.5458272059310117,917,0.2683640620427275,0.3215854991944042,0.808311094219535
MP Stoinis,0.4542643560145677,1530,0.379652605459057,0.3209326470498337,0.8066701382912879
RV Uthappa,0.3681704667626657,4185,0.6260284218399401,0.3199891557681821,0.8042986555217946
N Rana,0.4066193947574205,2310,0.4802494802494803,0.3196725373800796,0.8035028293530828
Yuvraj Singh,0.3919235012021014,2540,0.503968253968254,0.3162340865003728,0.7948602195340507
Ishan Kishan,0.3954874570222749,2344,0.4838976052848885,0.3148960987136155,0.7914971625097899
YBK Jaiswal,0.4430016484954359,1454,0.3677288821446636,0.3142282498282512,0.78981851199646
SO Hetmyer,0.4839529864352285,1086,0.3028443948689347,0.3134152387554935,0.7877749936429284
AM Rahane,0.3553936304063769,4346,0.6348232544551563,0.3130112212466631,0.7867594881693774
MK Pandey,0.3621962027705613,3728,0.5985870263326911,0.3128775765634544,0.7864235697887549
S Dube,0.4392017320234742,1428,0.3635437881873727,0.3119944440524599,0.7842037999045686
SE Marsh,0.4051128590898941,1931,0.4357932746558339,0.3115791094134793,0.7831598486152763
Q de Kock,0.3763576089496758,2709,0.5200614321366865,0.3105945220873897,0.780685070178749
RD Gaikwad,0.4026799561992089,1901,0.4319472847080209,0.309890638410188,0.7789158455503143
DR Smith,0.3976331246558311,1937,0.4365562316880775,0.3084402671550341,0.7752703106017087
B Sai Sudharsan,0.4431231292558766,1278,0.3382742191635786,0.3082703711216389,0.7748432737825697
Abhishek Sharma,0.4527676608820479,1178,0.3202827623708537,0.3076928785828151,0.7733917356158001
JP Duminy,0.3899842811774276,2039,0.4492178894029522,0.3070086037077145,0.7716717980737621
SPD Smith,0.3898158669565448,2033,0.4484888594749614,0.3068232429806302,0.7712058904612914
RA Tripathi,0.3974957302794727,1761,0.4132832668387702,0.304699386043345,0.76586753680653
Tilak Varma,0.4522534408439185,1089,0.3034271384786848,0.303939286705926,0.7639570130774321
G Gambhir,0.3459788098676093,3828,0.6049304677623262,0.303846552952236,0.7637239250740737
KS Williamson,0.3916049701500319,1835,0.4232987312572088,0.3037899015302999,0.7635815306782785
AC Gilchrist,0.3861881413148069,1910,0.4331065759637188,0.3029372908888487,0.7614384780771474
BB McCullum,0.365167129781174,2552,0.5051464766429137,0.3028979845823629,0.7613396809495254
R Parag,0.4267508294734784,1267,0.3363419166445447,0.3023698974917543,0.7600123242897184
JM Bairstow,0.4218170920200024,1258,0.3347525279403938,0.3004204376449453,0.755112320944236
AR Patel,0.4009594026333854,1517,0.3776450087129698,0.3003708032619833,0.7549875640055573
MA Agarwal,0.3665478035995369,2294,0.4785148101793909,0.3002075019536669,0.7545771031497558
WP Saha,0.3603383663438744,2479,0.497891142799759,0.2995808220676855,0.7530019316770621
SP Narine,0.4254496931378785,1152,0.3154435925520263,0.2980427572298405,0.7491359772880319
PP Shaw,0.3985770061804097,1451,0.3672487977727157,0.297815575519189,0.7485649518606311
ML Hayden,0.4144968642143726,1248,0.3329775880469584,0.2976590686894553,0.74817156905229
TH David,0.5744509580680324,524,0.1732804232804232,0.2974029116852481,0.747527713689155
BJ Hodge,0.3935090496645313,1493,0.3739043325820185,0.2969804943795859,0.746465959986291
KH Pandya,0.3962844261880288,1427,0.3633817163228928,0.2963666868038855,0.7449231433033325
DJ Bravo,0.3876379551060716,1502,0.375312343828086,0.2949940808290507,0.7414730728236922
TM Head,0.4911514427181313,706,0.2202121023081721,0.2947869686424024,0.7409524925157018
LS Livingstone,0.4793424755229113,745,0.2295839753466872,0.2944358234739939,0.7400698826467331
RK Singh,0.4661974365361828,802,0.2428831011508176,0.2944350233223985,0.7400678714509137
JM Sharma,0.4962872848892313,656,0.2078580481622306,0.2927435240164376,0.7358162566912372
PD Salt,0.5065515190873633,623,0.1994876721101505,0.2926403135766791,0.7355568353438658
DPMD Jayawardene,0.3683512974627386,1713,0.4065986233088061,0.2917920425972496,0.7334246905634111
CA Lynn,0.4109640693005436,1093,0.3042026161981631,0.2915440664219414,0.7328013978648725
SR Tendulkar,0.3441172623047249,2459,0.4958661020367009,0.2912922869360476,0.7321685454749025
P Simran Singh,0.4277019921887878,922,0.2694330800701344,0.2900863061679146,0.7291372905310718
MEK Hussey,0.3670112161956645,1648,0.3972999035679845,0.2900599294115228,0.7290709920665129
JA Morkel,0.4492723637147065,794,0.2410443230115361,0.289938178414699,0.7287649686863806
T Stubbs,0.5696840847308677,442,0.150237933378654,0.2889648090957121,0.7263183869179832
VR Iyer,0.400698248540158,1107,0.3069032436928195,0.2888569625845568,0.7260473127194945
Shashank Singh,0.5313610865506595,510,0.1694352159468438,0.2888133744350092,0.7259377531002205
AK Markram,0.4017201896075117,1093,0.3042026161981631,0.2887320540355001,0.7257333527734824
R Tewatia,0.4268860203529912,889,0.262319268220714,0.2885322440254796,0.7252311266213696
A Symonds,0.4169741485350036,952,0.2757821552723059,0.2883237231500188,0.7247070055480203
RM Patidar,0.4470706319335412,770,0.2354740061162079,0.2882503025985835,0.7245224616353825
SM Curran,0.4371319310060325,817,0.2463069038287609,0.2880527255171751,0.7240258479905944
KK Nair,0.3790970153280787,1314,0.3445201887781856,0.2874849452149021,0.7225987217098503
MM Ali,0.4131993606251024,943,0.2738890502468777,0.2869535579372678,0.721263069968976
AJ Finch,0.3559613085193222,1725,0.408284023668639,0.2869508544625733,0.7212562747353788
MR Marsh,0.4141955867633544,933,0.2717739586367608,0.2868565643340376,0.7210192747550883
V Shankar,0.3951191364920158,1083,0.3022606754116662,0.2864214702007799,0.7199256576118308
MK Tiwary,0.3623400587053358,1540,0.3811881188118812,0.2862222260680095,0.7194248538026419
S Badrinath,0.3645273983482484,1468,0.3699596774193548,0.285650283186434,0.717987264801908
M Vijay,0.3341424136304542,2385,0.4882292732855681,0.2856220592460952,0.7179163234063675
DJ Hussey,0.3841428915903302,1162,0.3173129437465866,0.2852834906981172,0.7170653251052316
DP Conway,0.4246606663100865,794,0.2410443230115361,0.2840056684756376,0.7138534953384729
R Dravid,0.3337907487678375,2225,0.4708994708994709,0.2838134431570327,0.713370333448377
LRPL Taylor,0.3862640241263814,1082,0.3020658849804578,0.2837162973236421,0.7131261556011683
SS Tiwary,0.3645427528342516,1339,0.3487887470695494,0.2830051703447783,0.7113387248001701
A Badoni,0.4233173958925745,740,0.228395061728395,0.2813546221818045,0.7071900414950536
M Shahrukh Khan,0.4648268877128649,564,0.1840731070496083,0.2808408836744769,0.7058987502644448
DJ Hooda,0.3619961715247637,1278,0.3382742191635786,0.28082721284203,0.705864388374491
Dhruv Jurel,0.5083025912926102,456,0.1542625169147496,0.2808254683822637,0.7058600036426357
EJG Morgan,0.3654378106721334,1221,0.3281375974200484,0.2807131603706574,0.7055777153803275
PA Patel,0.3189410326630998,2606,0.5103799451625538,0.2799636572715588,0.7036938254920366
KC Sangakkara,0.3368719360293361,1774,0.415067852129153,0.2798186517137537,0.7033293513431991
D Padikkal,0.3440115374162577,1540,0.3811881188118812,0.2792356115172223,0.7018638690362765
IK Pathan,0.3634868469317779,1156,0.3161925601750547,0.2785899611492551,0.7002410149065904
TM Dilshan,0.3451689220012301,1463,0.3691647741609891,0.2784042987121728,0.6997743489404651
KP Pietersen,0.3925295194414988,847,0.2530624439796833,0.2781017645280821,0.6990139236787734
Mandeep Singh,0.3436671672659594,1448,0.3667679837892604,0.2775998381736704,0.697752322512774
CL White,0.4006681230712552,774,0.2364080635308491,0.2774744136120015,0.6974370655595264
Abdul Samad,0.458952175914065,524,0.1732804232804232,0.2773892338252353,0.697222964591607
CH Morris,0.4933367477038109,438,0.1490810074880871,0.2772006801915624,0.6967490315494301
C Green,0.4777277653692157,472,0.1588156123822341,0.2771943499874869,0.696733120464522
KM Jadhav,0.3693282963270024,1024,0.2905788876276958,0.2771073434583972,0.6965144279460194
JH Kallis,0.3105055001792868,2729,0.5218971122585581,0.2764780288578725,0.6949326340696389
MC Henriques,0.3833904601662094,841,0.2517210416043101,0.2755957736930031,0.6927150694111488
NV Ojha,0.3336109834097652,1538,0.3808816245666171,0.2752421484380288,0.6918262257987721
N Wadhera,0.4424997096335826,522,0.1727332892124421,0.2744271844266285,0.6897777986978775
LMP Simmons,0.373826575432073,878,0.2599171107164002,0.2742906560502965,0.6894346321013072
Y Venugopal Rao,0.3503853769048927,1050,0.2957746478873239,0.2721799291996278,0.6841292811618632
Harbhajan Singh,0.3881827725180979,700,0.21875,0.2718943886472531,0.6834115697074842
PJ Cummins,0.4635823268428498,420,0.1438356164383561,0.271588589103609,0.6826429369042203
BA Stokes,0.3784178867658276,731,0.2262457443515939,0.270800859837314,0.6806629648383693
STR Binny,0.3794033713068934,713,0.2219109866168689,0.2704166531747141,0.6796972542928672
Priyansh Arya,0.5142795109702115,310,0.1103202846975089,0.2696657477969064,0.6778098397511308
Rashid Khan,0.4452438701284594,411,0.1411885949845414,0.2684058170839362,0.6746429806241088
ST Jayasuriya,0.3615985299859298,778,0.237339841366687,0.2683519704812674,0.6745076361933673
Naman Dhir,0.5849461174450924,226,0.0829053558327219,0.267986766489777,0.6735896892128148
HM Amla,0.4390704103621289,418,0.1432488005483207,0.2679456937765289,0.6734864521891576
AD Mathews,0.3794283272686641,613,0.1969161580469001,0.2669205485140483,0.670909730630115
M Vohra,0.3428564225208134,894,0.2634060106069534,0.2666021640077043,0.6701094652905705
Abishek Porel,0.4120567894391613,454,0.1536899119837508,0.2658794466194721,0.6682929017814667
TL Suman,0.3492351128901863,780,0.2378048780487804,0.2654687472447825,0.6672606013146165
Ashutosh Sharma,0.5179344360216228,256,0.09288824383164,0.2652123797278943,0.6666162168239683
OA Shah,0.4230027931231601,405,0.1394148020654044,0.2649398396294049,0.6659311822506417
Shakib Al Hasan,0.3539353988015652,716,0.222636815920398,0.2648482115828551,0.6657008734626105
MV Boucher,0.4101135637613655,439,0.1493705341953045,0.2648431294317049,0.6656880993817906
WG Jacks,0.46132772175737,306,0.1090520313613685,0.2635425466023866,0.662419060409191
JJ Roy,0.3938841326774662,460,0.1554054054054054,0.2633516229527621,0.6619391702881284
SN Khan,0.3945826030795619,456,0.1542625169147496,0.2632827367770032,0.6617660236125359
GJ Bailey,0.3639700622396435,592,0.1914618369987063,0.2631967592996153,0.6615499176344998
JP Faulkner,0.4088610555379739,406,0.1397109428768066,0.2630184760691531,0.6611017994405609
D Brevis,0.4561780491606605,305,0.1087344028520499,0.2629120883788032,0.6608343920151216
CJ Anderson,0.3971532097598214,436,0.1485013623978201,0.2627700621130189,0.6604774063718274
RR Rossouw,0.4439715678204132,321,0.1137894363700815,0.2626192754976583,0.6600984014280065
AM Nayar,0.3378168610550195,762,0.2335990190067443,0.2623392247187205,0.6593944886205966
HH Gibbs,0.3106609678899801,1181,0.3208367291496876,0.2622180673693583,0.6590899573843281
J Fraser-McGurk,0.5413879375731198,203,0.075101738808731,0.2620184440384331,0.6585882004535706
Gurkeerat Singh,0.3720492977864192,509,0.1691591890993685,0.2617837140185539,0.6579982022114544
E Lewis,0.3619969007212135,552,0.1808650065530799,0.2615191324071597,0.657333171442492
A Raghuvanshi,0.4291194801428718,326,0.1153573956121726,0.2612268412721577,0.6565984922739474
MK Lomror,0.4006020093746687,392,0.1355463347164592,0.2611929773801562,0.6565133747556923
SE Rutherford,0.4081734600142751,358,0.1252624212736179,0.2604829256800741,0.6547286466877801
PC Valthaty,0.3617800642674086,507,0.1686065846358496,0.2599789143638568,0.6534618049317582
Nithish Kumar Reddy,0.3927103541127247,382,0.1325468424705066,0.2596632401733526,0.6526683520211559
SC Ganguly,0.2906385283936326,1539,0.3810349096310968,0.2588825942328155,0.6507061840254773
RS Bopara,0.3405160089210712,592,0.1914618369987063,0.2587062031661758,0.6502628218202683
JD Ryder,0.3467582070023511,532,0.1754617414248021,0.2581825425573193,0.6489465912041341
R Powell,0.4358540967951511,261,0.0945309670409272,0.257910909877608,0.6482638374446728
J Botha,0.3522492397525082,485,0.1624790619765494,0.2576800617046927,0.647683596296626
NLTC Perera,0.393093977748951,326,0.1153573956121726,0.2570710331403749,0.6461527917470804
V Suryavanshi,0.5987859007573056,129,0.0490680867249904,0.2569712758106633,0.6459020498556158
MN van Wyk,0.4198371177623409,270,0.0974729241877256,0.2569278428535644,0.645792880315429
BCJ Cutting,0.5567189746030631,146,0.055177626606198,0.256846210582233,0.6455876960931031
M Manhas,0.3303469742593007,584,0.1893644617380026,0.2565683319961002,0.6448892431324444
RD Rickelton,0.4171185597275857,266,0.0961677512653651,0.2564308169906288,0.6445435966253021
JR Hopes,0.3912434117683522,314,0.1115849324804548,0.2562844826594897,0.6441757825801376
SW Billings,0.359126243655918,399,0.1376336667816488,0.255821136297776,0.6430111529386342
RN ten Doeschate,0.4285730648526065,238,0.0869247626004382,0.2557832331422431,0.6429158826568588
R Shepherd,0.6969922819502268,93,0.0358657925183185,0.255747931018092,0.6428271501155212
JC Archer,0.4593527158425789,196,0.072700296735905,0.2553290931801509,0.6417743934709125
Azhar Mahmood,0.3804209231045303,311,0.1106367840626111,0.2549430843095163,0.6408041530422155
Shahbaz Ahmed,0.3341932427014862,488,0.1633199464524765,0.2548261062071174,0.6405101264204099
R Ravindra,0.38440739597773,298,0.1065046461758398,0.2547846700893156,0.6404059759726923
JP Inglis,0.4723478726441985,177,0.0661187896899514,0.25474026012946,0.6402943507180243
Aniket Verma,0.5118668720566287,148,0.0558912386706948,0.2545658610169646,0.6398559953263627
A Ashish Reddy,0.4482774166289362,196,0.072700296735905,0.2545239156408801,0.6397505648485419
A Mhatre,0.539555418851947,131,0.0497909540098821,0.2542819698890712,0.6391424297308941
GC Smith,0.2950602100541006,914,0.2677211482132396,0.2542528221728147,0.6390691664075157
C de Grandhomme,0.4121885903965591,233,0.0852542993047932,0.2540702687416538,0.6386103149852194
KR Mayers,0.3869447705237711,276,0.0994236311239193,0.2540096756387256,0.6384580131014195
R Ashwin,0.3018696392818411,754,0.2317148125384142,0.2538241582443299,0.6379917117027669
DT Christian,0.3339561438775824,445,0.1511035653650254,0.2536314386872888,0.6375073075352294
Mohammad Nabi,0.4102482168310806,221,0.0812201396545387,0.2532153468681404,0.6364614530595948
DB Ravi Teja,0.3344376476023916,426,0.1455912508544087,0.2531799524221327,0.6363724884655647
MS Bisla,0.2958264452997251,787,0.2394280498935199,0.2528596030907895,0.63556728450208
Bipul Sharma,0.5229614727961428,124,0.0472560975609756,0.2527367856460606,0.6352585805854335
Ramandeep Singh,0.4829900513306089,142,0.0537471612414837,0.2524294815281937,0.6344861660070604
DJ Mitchell,0.3703624847938096,274,0.0987743330930064,0.2522759278089564,0.6341002058965172
Washington Sundar,0.3227586086359975,458,0.1548343475321163,0.2522506915699217,0.6340367741434088
MJ Guptill,0.3789611646997782,251,0.0912395492548164,0.2520731934744404,0.6335906294007516
K Gowtham,0.4444367986561183,165,0.0619136960600375,0.2520323357173737,0.6334879326734282
Anuj Rawat,0.3597795562078018,276,0.0994236311239193,0.2513088113911724,0.6316693409108292
MJ Lumb,0.4007448606057358,198,0.0733876945885841,0.2511792384390204,0.6313436569014519
P Negi,0.3478483696652301,304,0.108416547788873,0.25109843341183,0.6311405519725595
DB Das,0.3610792739318381,267,0.0964943982652692,0.2510814127388298,0.6310977701964793
SN Thakur,0.3697336037026431,246,0.0895848506919155,0.2510155023377245,0.6309321031854626
PBB Rajapaksa,0.3938083221160173,201,0.0744168826360607,0.2508291653661092,0.6304637417643251
LA Pomersbach,0.3457725363414689,300,0.1071428571428571,0.2507378085039222,0.6302341146032004
PD Collingwood,0.428540018154435,159,0.0597969161338849,0.2506475990203447,0.6300073713994112
V Nigam,0.5919177155099838,82,0.0317583268783888,0.250531121448629,0.6297146028707262
Rahmanullah Gurbaz,0.3492862234327572,283,0.1016888250089831,0.2505145900610893,0.6296730509226917
LR Shukla,0.3110411272708407,454,0.1536899119837508,0.2503543583918426,0.6292703056614102
SA Asnodkar,0.3115717333713481,450,0.1525423728813559,0.2503530111612366,0.6292669193723889
DJG Sammy,0.3599880035999327,251,0.0912395492548164,0.2503420908077515,0.6292394708621267
BJ Rohrer,0.4364702688528622,146,0.055177626606198,0.2502111723964699,0.6289104050163669
Atharva Taide,0.394809335239049,188,0.0699404761904761,0.2502076852431111,0.6289016399919668
SM Katich,0.3333449820594341,310,0.1103202846975089,0.2497049990558598,0.6276381289720855
AL Menaria,0.3151345845018986,382,0.1325468424705066,0.2493808168592181,0.6268232910308525
MF Maharoof,0.4223257277330962,145,0.054820415879017,0.2493653434517355,0.62678439833524
Sameer Rizvi,0.4471657585074172,126,0.0479817212490479,0.2493057838844158,0.6266346942622889
JEC Franklin,0.3290838040647205,309,0.11000355998576,0.2492064785918619,0.6263850885745725
Harpreet Brar,0.3644372365954596,214,0.0788504053058216,0.2491981103684487,0.6263640548904023
D Wiese,0.4804052066370884,105,0.0403071017274472,0.2490505372765588,0.6259931271972018
AB Agarkar,0.3601837489802239,218,0.0802060338484179,0.2490265490015563,0.6259328322247473
A Manohar,0.3469319320594536,243,0.0885891359825009,0.2488656807870903,0.6255284869952954
AC Voges,0.4126457530803928,143,0.0541051835035944,0.24871072478208,0.6251390022135515
CR Brathwaite,0.4355008972634266,123,0.0468928707586732,0.2485324869507978,0.6246909981312904
AS Raut,0.3454645221028883,237,0.0865911582024114,0.2485236370650076,0.6246687537798358
SB Dubey,0.511344302182084,87,0.0336296868960185,0.2484812745258534,0.6245622747549312
LJ Wright,0.5996459489441424,63,0.0245805696449473,0.2481903229387523,0.6238309625647867
R Sathish,0.341826593321822,236,0.0862573099415204,0.2481744075045655,0.6237909588268857
Kamran Akmal,0.5297035243733031,78,0.030256012412723,0.2481190759540958,0.623651881952409
R Dhawan,0.3646264363366231,188,0.0699404761904761,0.2480966789210664,0.6235955865960554
KV Sharma,0.3176341465604718,310,0.1103202846975089,0.2479717752107785,0.623281638812378
SD Hope,0.4194749648223306,125,0.0476190476190476,0.2479117994328886,0.6231308885864683
S Sohal,0.2990827851049616,413,0.1417782354960521,0.2478047693638484,0.6228618665303215
JD Unadkat,0.352579791789835,198,0.0733876945885841,0.2476445150789209,0.6224590644241083
B Chipli,0.3147747442059831,306,0.1090520313613685,0.2475606466983507,0.6222482596998936
Sikandar Raza,0.390834512205976,143,0.0541051835035944,0.2475306235921286,0.6221727960676618
Y Nagar,0.3152588152988691,293,0.1049051199427139,0.2472985806627676,0.6215895518772132
Lalit Yadav,0.3047887819511476,332,0.1172316384180791,0.2470070545608483,0.6208567956334575
DH Yagnik,0.3818251013177088,142,0.0537471612414837,0.2469921526478637,0.6208193393998254
KS Bharat,0.3504784251488421,168,0.0629685157421289,0.2463322632434583,0.6191606951889546
TK Curran,0.3818630718960839,124,0.0472560975609756,0.2460690258474298,0.6184990431301511
SM Pollock,0.3899216525013156,116,0.0443425076452599,0.2460110912074518,0.6183534233420974
JO Holder,0.3205121158294127,222,0.0815576781778104,0.2459543690751914,0.6182108512145956
PP Chawla,0.270133537264619,647,0.2055926278995869,0.245665872741897,0.6174857103502605
Arshad Khan,0.4201649604458608,90,0.0347490347490347,0.245617354960876,0.6173637600111922
S Anirudha,0.333600876517752,178,0.0664675130694548,0.2455993498613522,0.6173185038608556
KK Cooper,0.466025121729626,70,0.0272373540856031,0.245508117287788,0.6170891891014809
RE van der Merwe,0.3062772248332742,254,0.0922294843863471,0.2455078133682618,0.6170884251941362
HC Brook,0.3414601314104737,159,0.0597969161338849,0.2454404903357678,0.6169192075080225
Salman Butt,0.3323926420191832,172,0.0643712574850299,0.2453239660688027,0.6166263216099654
AP Tare,0.2969653803531379,285,0.1023339317773788,0.2452313236298691,0.6163934631279344
C Munro,0.3242533443162796,181,0.0675121223424095,0.2450667505519538,0.6159798056557473
R Vinay Kumar,0.2879096879403823,333,0.1175432403812213,0.2450434271064909,0.6159211817446247
LA Carseldine,0.3444495047079955,142,0.0537471612414837,0.2449833204303848,0.61577010250363
Avesh Khan,0.5941627245744826,39,0.0153603781016148,0.2447839500460599,0.615268981358826
P Kumar,0.2791639974314595,375,0.1304347826086956,0.2445289050244656,0.614627920984535
PN Mankad,0.4166746743198123,75,0.029126213592233,0.244498913973797,0.6145525379245294
SP Fleming,0.3194276001682947,171,0.0640209659303631,0.2444613337840957,0.6144580794233391
Iqbal Abdulla,0.3859870187513123,89,0.0343762070297412,0.2443750280329888,0.6142411483232446
CA Ingram,0.2994263234793975,218,0.0802060338484179,0.2441534368752943,0.613684174853999
R Bhatia,0.2831095148449141,309,0.11000355998576,0.2441491431098682,0.6136733823952638
AB McDonald,0.3546534947304381,107,0.0410433448408131,0.2440667536803599,0.61346629504187
R McLaren,0.2961921224449572,224,0.0822320117474302,0.2440092284641012,0.6133217043478997
Sachin Baby,0.3378820659168183,123,0.0468928707586732,0.2439548597088486,0.6131850474769908
S Gopal,0.3015343218341942,200,0.074074074074074,0.2439410989908815,0.6131504596581212
A Flintoff,0.344895389916167,114,0.043611323641928,0.2439373287524806,0.6131409830942371
Misbah-ul-Haq,0.3824950389727252,82,0.0317583268783888,0.2438802076314116,0.6129974081009928
DL Chahar,0.3689732398197425,89,0.0343762070297412,0.243790158846079,0.6127710688152113
LH Ferguson,0.4704299272898645,49,0.0192232247940368,0.2437760570206923,0.6127356236165399
CA Pujara,0.2701266072619796,403,0.138821908370651,0.2436083794816118,0.6123141630238522
BB Samantray,0.3342356205169881,116,0.0443425076452599,0.2435418329084526,0.6121468969826234
B Lee,0.3201335037425631,137,0.0519529768676526,0.2435314345549005,0.6121207605288379
KA Jamieson,0.3797468468937576,77,0.0298797050834303,0.2435291463404582,0.6121150090595574
Vivrant Sharma,0.4544874687146112,49,0.0192232247940368,0.2434695915557306,0.6119653170077399
Urvil Patel,0.5466012237862573,34,0.0134175217048145,0.2434564106224444,0.6119321864883785
PHKD Mendis,0.3865935292992565,72,0.0279937791601866,0.243456001951045,0.611931159285265
M Kaif,0.2833566228957433,258,0.0935460478607686,0.2434518171195225,0.6119206406339093
RR Powar,0.362984092965232,86,0.0332559938128383,0.2434457598234924,0.6119054155084158
AD Hales,0.3297103038843935,119,0.0454371897670866,0.2434401027379855,0.6118911963194672
CM Gautam,0.3080886870403822,158,0.0594431903686982,0.2434206604442896,0.6118423277550237
M Morkel,0.3412312435129649,104,0.0399385560675883,0.2434032842680068,0.6117986524148742
PK Garg,0.284108803867201,247,0.0899162722970513,0.2433596568852348,0.6116889941821656
YV Takawale,0.2916955919394416,205,0.0757855822550831,0.2433019220909896,0.6115438767100538
MD Mishra,0.2891663271430598,213,0.0785108735716918,0.2432460488721021,0.6114034383420004
S Vidyut,0.3272405694567175,115,0.0439770554493307,0.2431995290233514,0.6112865098426097
MS Gony,0.3594347502863095,83,0.0321331784746418,0.2431928715378649,0.6112697761298278
JG Bethell,0.4901413337615514,39,0.0153603781016148,0.2431861421525175,0.6112528616954169
DL Vettori,0.3052084421505091,150,0.0566037735849056,0.2430624034834407,0.6109418422643502
TR Birt,0.3882633524855741,59,0.0230558812035951,0.2427673468953459,0.6102002120783592
AC Blizzard,0.3369831548911361,91,0.0351215746815901,0.2427632458524256,0.6101899040312033
M Kartik,0.3080769520128871,129,0.0490680867249904,0.2427067439019413,0.6100478853346641
SB Styris,0.3008462150192016,144,0.0544629349470499,0.2426837964717498,0.6099902065448739
C Bosch,0.5013059200388816,32,0.0126382306477093,0.2426445072471507,0.6098914523528898
HV Patel,0.2759009556898572,244,0.0889212827988338,0.2425852536796161,0.6097425174160525
Sunny Singh,0.4116080164212386,48,0.0188383045525902,0.2425789983111306,0.6097267944317827
K Rabada,0.2787680357967121,220,0.0808823529411764,0.2425231877881684,0.6095865136510958
UT Khawaja,0.3177028993666608,105,0.0403071017274472,0.2424924788261193,0.6095093261075702
CR Woakes,0.3316195068206769,88,0.0340030911901081,0.2424716458689184,0.6094569620847115
Azmatullah Omarzai,0.342574214000774,77,0.0298797050834303,0.2424184390324412,0.6093232257181135
FY Fazal,0.2848291631310827,179,0.0668159761104889,0.2423734688723424,0.6092101923897832
Shahid Afridi,0.4068159412531467,46,0.0180675569520816,0.2423596371587534,0.6091754261221062
DJ Harris,0.31458858951139,103,0.0395697272378025,0.2423114589428408,0.6090543292862122
S Rana,0.3324847544587943,82,0.0317583268783888,0.242291964668537,0.6090053300675502
N Jagadeesan,0.2881612193662076,155,0.0583804143126177,0.2421842154087772,0.6087345003122411
Umar Gul,0.612727886882213,19,0.0075426756649464,0.2421500328540307,0.6086485818292884
WPUJC Vaas,0.3164776870663716,94,0.0362374710871241,0.2421291462963686,0.6085960830806799
AN Ahmed,0.4949772442095168,27,0.0106846062524732,0.2420650924029277,0.6084350824359807
MG Bracewell,0.3770955718288371,49,0.0192232247940368,0.2419818697246584,0.60822590069643
DJM Short,0.3064926246352899,102,0.0392006149116064,0.2419663146123524,0.6081868026342343
Harpreet Singh,0.2959979593490399,119,0.0454371897670866,0.2419083085418393,0.6080410033042107
AA Jhunjhunwala,0.2708172615290168,218,0.0802060338484179,0.2418588174841306,0.6079166066162045
MW Short,0.3045381489745284,99,0.0380915736821854,0.2418173834771141,0.6078124614739848
SS Prabhudessai,0.29586429430562,113,0.0432453119020283,0.2417783268905765,0.6077142920220668
D Salunkhe,0.4964329720667292,24,0.0095087163232963,0.2417783257678854,0.607714289200162
LPC Silva,0.4655081692174226,27,0.0106846062524732,0.2417502269400126,0.6076436622771165
AP Majumdar,0.3147239102572842,77,0.0298797050834303,0.2415862801701017,0.6072315790416708
Anmolpreet Singh,0.2893311412257542,117,0.0447076805502483,0.2415689134245145,0.6071879274057489
PVD Chameera,0.3627671252969129,46,0.0180675569520816,0.2415637826677923,0.6071750311539257
MJ Santner,0.2837959244365548,132,0.0501519756838905,0.2415635125129812,0.6071743521148163
Ankit Sharma,0.3215649787124923,69,0.026858699883223,0.2415422679796432,0.6071209535877321
MG Johnson,0.2734266828330548,168,0.0629685157421289,0.2414804293944882,0.6069655211613421
B Akhil,0.3148184595453227,73,0.028371550719005,0.2414752625166537,0.6069525341184356
D Pretorius,0.4295671844131917,28,0.0110759493670886,0.2414406582563729,0.6068655556708307
TG Southee,0.2892356240704415,108,0.0414110429447852,0.2414001343206093,0.6067636980095207
S Aravind,0.3282921903346098,59,0.0230558812035951,0.2413846589051518,0.6067248002668261
AP Dole,0.4605827415708009,23,0.0091161315893777,0.2413505770767617,0.6066391349614313
JDP Oram,0.2651995750841784,204,0.0754437869822485,0.2412850651722314,0.6064744695789189
RV Patel,0.3051915592072439,76,0.0295031055900621,0.2412766542734052,0.6064533286293096
HR Shokeen,0.3113836411028455,67,0.0261005064277366,0.241214182649954,0.6062963050494653
AJ Tye,0.2987356671099898,81,0.0313831848120883,0.2411978659219103,0.6062552926520403
Aman Hakim Khan,0.2825766394083577,109,0.0417784591797623,0.2411402670004034,0.6061105166985667
M Markande,0.3432045643474444,44,0.0172955974842767,0.2411301508411277,0.6060850895453093
J Overton,0.8811768415347448,7,0.002792181890706,0.2411257841241661,0.6060741137215416
P Sahu,0.5803659759388053,13,0.0051730998806207,0.2410978354937309,0.6060038643225307
J Suchith,0.2973976019381009,77,0.0298797050834303,0.24106857518734,0.6059303180017692
Umran Malik,0.4972853186011277,16,0.0063593004769475,0.2409740333887756,0.6056926854442113
OF Smith,0.322880170021466,50,0.0196078431372549,0.2409718083959273,0.6056870928835756
SD Chitnis,0.2797109738723108,101,0.0388312187620146,0.2409015422028623,0.6055104775089853
AUK Pathan,0.3596233853861747,33,0.0130280300039478,0.2409007795603178,0.6055085605928582
AJ Hosein,0.5882791234731855,11,0.0043807248108323,0.2408622752953988,0.6054117794115339
ER Dwivedi,0.4571293149950918,15,0.0059642147117296,0.2406326213254345,0.6048345399146701
RR Raje,0.3605184688532277,27,0.0106846062524732,0.240628453331056,0.6048240635837869
J Yadav,0.3196868148261447,38,0.0149724192277383,0.2405367225657741,0.6045934966103246
KT Maphaka,1.2170629776073592,3,0.0011985617259288,0.2405055101243961,0.604515043562203
VVS Laxman,0.2492939087538115,333,0.1175432403812213,0.2405044032910556,0.6045122615161505
UT Yadav,0.2537571579249373,220,0.0808823529411764,0.2405002491367748,0.6045018199726087
L Wood,1.2098418534207749,3,0.0011985617259288,0.2404968551613279,0.6044932891526117
GD Phillips,0.2905154070618528,55,0.0215264187866927,0.2404354012903887,0.6043388237125116
B Sumanth,0.3128227619864825,38,0.0149724192277383,0.2404339510890574,0.6043351786046697
Akash Deep,0.4365470654123936,14,0.005568814638027,0.2404318861671897,0.6043299883854013
RE Levi,0.277097638070933,74,0.0287490287490287,0.240419319396189,0.6042984015742925
SB Jakati,0.297399864341994,46,0.0180675569520816,0.2403827559576878,0.6042064986960304
Kuldeep Yadav,0.251124339505832,240,0.0875912408759124,0.2403664030620223,0.6041653953906196
Joginder Sharma,0.2935707143995673,48,0.0188383045525902,0.2403553756670803,0.6041376778296778
K Upadhyay,0.5212907599762748,9,0.0035870864886408,0.2403450457346862,0.6041117133537371
DAJ Bracewell,0.5152019509985055,9,0.0035870864886408,0.2403232046502702,0.6040568153844957
RJ Harris,0.2593101035669198,130,0.0494296577946768,0.2403210708639699,0.6040514520732035
TU Deshpande,0.3430946046043744,24,0.0095087163232963,0.2403202747302085,0.604049450976284
BKG Mendis,0.4589335555710775,11,0.0043807248108323,0.2402956479569188,0.6039875511265869
J Syed Mohammad,0.3237388651585459,27,0.0106846062524732,0.2402354777474563,0.6038363121933269
Sediqullah Atal,0.3772285508224533,16,0.0063593004769475,0.2402105563281799,0.603773671745498
Gulbadin Naib,0.3861618639584385,15,0.0059642147117296,0.2402093562099077,0.603770655226046
S Narwal,0.3152595564594001,29,0.0114669829972321,0.2402042823431649,0.6037579019682372
Swapnil Singh,0.2859660887729648,46,0.0180675569520816,0.240176175566417,0.6036872550655473
OC McCoy,0.6398678684362962,5,0.0019960079840319,0.2401331106789312,0.6035790106751339
A Choudhary,0.3382976541613365,20,0.0079365079365079,0.2401190698380032,0.6035437187620262
I Malhotra,0.7248078431765039,4,0.0015974440894568,0.2401091590580061,0.6035188078333802
KJ Abbott,0.4737266204560456,8,0.0031897926634768,0.2400813061691347,0.603448799082559
AT Carey,0.3029961541552101,29,0.0114669829972321,0.2400636581174545,0.6034044403785744
AR Bawne,0.3896145221805551,12,0.0047770700636942,0.2400515434612691,0.6033739899664078
MM Patel,0.2668163334878662,67,0.0261005064277366,0.2400509533510823,0.6033725067135497
Harmeet Singh,0.3894232304086837,12,0.0047770700636942,0.2400506296470723,0.6033716930775394
BJ Haddin,0.4027480193378127,11,0.0043807248108323,0.2400495145843318,0.6033688903467379
B Stanlake,1.095765503684894,2,0.0007993605115907,0.2400182389751843,0.6032902785252604
Sanvir Singh,0.3172700754490291,22,0.0087232355273592,0.2400134990358525,0.6032783646001693
A Mishra,0.2434533891631621,485,0.1624790619765494,0.240003013953995,0.6032520101531856
SA Abbott,0.3309029772831142,18,0.0071485305798252,0.2399882273628425,0.6032148437831093
Sohail Tanvir,0.2912558347747427,31,0.0122481232714342,0.2399695905912914,0.6031679999134605
AU Rashid,0.3266207593239585,17,0.0067540723083035,0.2399231846710563,0.6030513577754989
JL Pattinson,0.3529585234526197,13,0.0051730998806207,0.2399214340284224,0.6030469575028916
TA Boult,0.2561279760289022,90,0.0347490347490347,0.2399172280892442,0.6030363857970533
KMDN Kulasekara,0.7215920051330037,3,0.0011985617259288,0.2399116575804796,0.6030223842203463
Arjun Tendulkar,0.398020540186485,9,0.0035870864886408,0.2399028647948265,0.6030002833911412
AS Joseph,0.2833102188312193,32,0.0126382306477093,0.2398894272950791,0.6029665079872389
DM Bravo,0.5106386513240416,5,0.0019960079840319,0.239875168129805,0.6029306673118533
AB Barath,0.2711021109967122,43,0.0169091624066063,0.2398708193792371,0.6029197366469482
RS Sodhi,0.9073734536311046,2,0.0007993605115907,0.2398676458096737,0.602911759821212
MC Juneja,0.2497736762923062,134,0.0508731966590736,0.2398647591236562,0.6029045040825692
MA Khote,0.3000196269160067,22,0.0087232355273592,0.2398630193103464,0.6029001310296681
V Viyaskanth,0.5029040123194354,5,0.0019960079840319,0.2398597297285982,0.6028918626051618
DE Bollinger,0.2950189458459427,23,0.0091161315893777,0.2398412757284971,0.6028454781349297
RJ Quiney,0.2454149070523879,210,0.077490774907749,0.239804883169573,0.602754004765642
DJ Malan,0.2842604396435498,26,0.0102929532858273,0.2397960706014544,0.6027318542128445
SS Shaikh,0.3169798307736453,14,0.005568814638027,0.239766038400705,0.6026563677213504
Mukesh Choudhary,0.4150350988106,6,0.0023942537909018,0.2397543150444553,0.6026269008488021
T Taibu,0.2795455094062266,26,0.0102929532858273,0.2397475400447756,0.6026098717619244
DJ Willey,0.2547699624350797,64,0.0249609984399376,0.2397189471545969,0.6025380030041441
AA Chavan,0.3227563938494759,11,0.0043807248108323,0.2396990932858963,0.6024880999383215
JDS Neesham,0.2491987026949363,93,0.0358657925183185,0.2396874594134865,0.6024588579850583
BA Bhatt,0.3655292893141763,7,0.002792181890706,0.239686002366869,0.602455195671463
M Jansen,0.2459294486349808,140,0.053030303030303,0.2396834188323631,0.6024487019097461
NM Coulter-Nile,0.2501997915332791,75,0.029126213592233,0.2396501309800145,0.6023650322778021
DNT Zoysa,0.3225783785103991,9,0.0035870864886408,0.2396322472360043,0.6023200811567911
JR Philippe,0.2487087890112037,80,0.0310077519379844,0.2396243434222627,0.6023002147749115
SP Jackson,0.2523495450909541,57,0.0222917481423543,0.2396237884156143,0.6022988197554457
Mohsin Khan,0.2662798672861737,27,0.0106846062524732,0.2396215509795283,0.6022931959185022
Y Gnaneswara Rao,0.279540879481604,18,0.0071485305798252,0.2396210638360644,0.6022919714744046
MJ Clarke,0.2469881094723826,96,0.036979969183359,0.2396167031655971,0.6022810108486121
BR Dunk,0.2567167256822403,36,0.0141955835962145,0.2395804041928635,0.6021897727099433
SH Johnson,0.2952256156602476,11,0.0043807248108323,0.2395784885228212,0.6021849576378959
VH Zol,0.2627051673420318,26,0.0102929532858273,0.2395742031905915,0.6021741863761556
Basil Thampi,0.2553259279522052,38,0.0149724192277383,0.2395730843856285,0.6021713742392087
MJ McClenaghan,0.247238572368904,75,0.029126213592233,0.2395638818781395,0.6021482435665988
Mashrafe Mortaza,0.3647015865004551,4,0.0015974440894568,0.2395339094467025,0.6020729073063757
P Chopra,0.3220559321017694,6,0.0023942537909018,0.2395316993220878,0.6020673521173198
MD Shanaka,0.2584965209266851,26,0.0102929532858273,0.2395308837896418,0.602065302261448
W Jaffer,0.2428112845031148,148,0.0558912386706948,0.2395280109573271,0.6020580813443431
RJ Peterson,0.2539398205411786,32,0.0126382306477093,0.2395182374272745,0.6020335153959686
JPR Scantlebury-Searles,0.3019433071128097,6,0.0023942537909018,0.239483544593463,0.6019463143171576
AC Thomas,0.2578294325504271,19,0.0075426756649464,0.2394731489190153,0.6019201845973505
SK Rasheed,0.244556318802878,67,0.0261005064277366,0.2394699556947153,0.6019121583690706
GR Napier,0.2494464178971637,32,0.0126382306477093,0.2394614487682664,0.6018907760522573
RR Sarwan,0.2433270164098134,78,0.030256012412723,0.2394544647744402,0.6018732216547307
PA Reddy,0.2412269114019516,167,0.0626171728533933,0.2394521923932011,0.6018675099824989
JJ van der Wath,0.2567446671570568,17,0.0067540723083035,0.2394512364919393,0.601865107307015
A Nortje,0.2446175306804471,51,0.0199921599372795,0.2394392775277319,0.6018350482295117
KAJ Roach,0.2683505164004571,9,0.0035870864886408,0.2394377272045219,0.6018311514634778
NJ Rimmington,0.3655292893141764,2,0.0007993605115907,0.2394345169812828,0.6018230825080504
RJ Gleeson,0.3647084972502322,2,0.0007993605115907,0.2394338608725187,0.6018214333665488
A Dananjaya,0.289247632435312,5,0.0019960079840319,0.2394332698885101,0.6018199479173235
RG More,0.3638690931100773,2,0.0007993605115907,0.2394331898859958,0.6018197468295255
R Rampaul,0.2441420598901213,52,0.0203761755485893,0.239431618347503,0.6018157967384864
Anirudh Singh,0.2429553624258459,69,0.026858699883223,0.2394309158878648,0.6018140310932063
DT Patil,0.2563023319295807,13,0.0051730998806207,0.2394214218955933,0.6017901677682096
Shoaib Malik,0.2434925391780082,49,0.0192232247940368,0.2394135885948465,0.6017704786220451
AS Yadav,0.2443575444463986,40,0.0157480314960629,0.2394127577505501,0.6017683902795545
Mohammed Siraj,0.2409405487146399,128,0.0487062404870624,0.2394119075890469,0.6017662533829076
MP Breetzke,0.2544676253697572,12,0.0047770700636942,0.2394059372663131,0.6017512468664015
SD Lad,0.2515311705687066,13,0.0051730998806207,0.2393967402013269,0.6017281298736228
A Mithun,0.2452102177092636,26,0.0102929532858273,0.2393941284912835,0.6017215652921717
SZ Mulani,0.3655292893141764,1,0.0003998400639744,0.2393840992394464,0.6016963565823668
DP Vijaykumar,0.3655292893141764,1,0.0003998400639744,0.2393840992394464,0.6016963565823668
Abdul Basith,0.3647015865004551,1,0.0003998400639744,0.2393837682907005,0.601695524736579
JE Taylor,0.2705966110068571,4,0.0015974440894568,0.2393835820098118,0.6016950565161233
PVSN Raju,0.3638706863207643,1,0.0003998400639744,0.2393834360635194,0.6016946896774206
S Tyagi,0.2693603962671804,4,0.0015974440894568,0.2393816072258826,0.6016900928602288
GB Hogg,0.2430508900508682,22,0.0087232355273592,0.2393660676009756,0.6016510337258965
A Kamboj,0.2417993668660459,15,0.0059642147117296,0.2393483472809272,0.6016064933740333
KC Cariappa,0.2405257504816334,21,0.0083300277667592,0.2393435714671383,0.6015944892778313
JR Hazlewood,0.239781896595797,30,0.0118577075098814,0.2393389564452234,0.6015828893349756
Shivam Sharma,0.241743180876539,3,0.0011985617259288,0.2393365291454938,0.6015767882722556
Shivam Singh,0.2398028374854485,3,0.0011985617259288,0.2393342035241701,0.6015709427800875
JP Behrendorff,0.2394439995994162,9,0.0035870864886408,0.2393340370286712,0.6015705242905747
JM Kemp,0.2351125500691189,25,0.0099009900990099,0.2392918481822849,0.6014644818456516
T Natarajan,0.2171128701994671,5,0.0019960079840319,0.2392892883271611,0.601458047602499
PM Sarvesh Kumar,0.1823507932502275,2,0.0007993605115907,0.2392880913249568,0.6014550389153412
LB Williams,0.1794093876020539,2,0.0007993605115907,0.239285740081433,0.6014491290212999
I Sharma,0.237863332538442,89,0.0343762070297412,0.2392830975297268,0.6014424869187593
Mohit Rathee,0.174634001269749,2,0.0007993605115907,0.2392819228261714,0.6014395342796677
F Behardien,0.227776405536617,13,0.0051730998806207,0.2392738544291753,0.6014192542147367
MA Wood,0.2238491386959709,10,0.0039840637450199,0.2392719499185263,0.6014144671920305
SM Harwood,0.2307227010386321,28,0.0110759493670886,0.2392382668265914,0.6013298041180835
T Shamsi,0.1795984493545301,4,0.0015974440894568,0.2392382175343289,0.6013296802210708
U Kaul,0.0,1,0.0003998400639744,0.2392379459850225,0.6013289976768718
Y Prithvi Raj,0.0,1,0.0003998400639744,0.2392379459850225,0.6013289976768718
Mayank Dagar,0.0,1,0.0003998400639744,0.2392379459850225,0.6013289976768718
YA Abdulla,0.0,1,0.0003998400639744,0.2392379459850225,0.6013289976768718
VS Malik,0.2044440390965588,7,0.002792181890706,0.2392362230483515,0.6013246670437141
Arshad Khan (2),0.1781875547058037,4,0.0015974440894568,0.2392359637090114,0.601324015189491
MN Samuels,0.2378147460679346,174,0.0650710545998504,0.239234805057727,0.601321102898079
Harshit Rana,0.2347574430878642,57,0.0222917481423543,0.2392316297084668,0.6013131215990419
MA Starc,0.2368716976828212,120,0.0458015267175572,0.239220880393313,0.6012861029967859
RA Bawa,0.2226861103631045,18,0.0071485305798252,0.2392146357804119,0.6012704070468761
NL McCullum,0.2254542650899091,23,0.0091161315893777,0.239207114944752,0.601251503287481
P Parameswaran,0.1215671955001517,3,0.0011985617259288,0.2391924908090459,0.6012147452521709
RJW Topley,0.1794845337036904,6,0.0023942537909018,0.239190347210999,0.6012093572788724
VRV Singh,0.1187922175322258,3,0.0011985617259288,0.2391891648266632,0.6012063853339972
M Klinger,0.2333279624311526,78,0.030256012412723,0.2391519332731463,0.6011128031362982
Akash Madhwal,0.2058546178716562,14,0.005568814638027,0.2391472026884425,0.6011009127242374
HE van der Dussen,0.2204511899429189,25,0.0099009900990099,0.2391466862008373,0.6010996145230983
Abdur Razzak,0.0,2,0.0007993605115907,0.2391423273015753,0.6010886583492633
L Ablish,0.0,2,0.0007993605115907,0.2391423273015753,0.6010886583492633
L Ngidi,0.0,2,0.0007993605115907,0.2391423273015753,0.6010886583492633
KW Richardson,0.2263216466811141,39,0.0153603781016148,0.2391337720083123,0.6010671544615689
P Ray Barman,0.2177724573802426,25,0.0099009900990099,0.2391201640962564,0.6010329507231805
KB Arun Karthik,0.2282441203566067,53,0.0207598903251077,0.2391034239277092,0.600990874000226
Vijaykumar Vyshak,0.1927667970923225,13,0.0051730998806207,0.2390927462279115,0.6009640354044906
DS Lehmann,0.2049992361480904,19,0.0075426756649464,0.239074667882237,0.6009185951486008
A Kumble,0.2288645193011627,69,0.026858699883223,0.2390524541612774,0.6008627605505219
CRD Fernando,0.000543618012399,3,0.0011985617259288,0.2390474365811341,0.6008501487701209
KR Sen,0.0,3,0.0011985617259288,0.2390467850213909,0.6008485110626675
Niraj Patel,0.2346516042315641,165,0.0619136960600375,0.239043758951876,0.6008409049810285
MDKJ Perera,0.1821978028594039,13,0.0051730998806207,0.2390380717651069,0.6008266101320012
Liton Das,0.0538444956380894,4,0.0015974440894568,0.2390373326242387,0.6008247522877718
PWA Mulder,0.1752786543034672,12,0.0047770700636942,0.2390276460032575,0.600800404786954
BB Sran,0.1927741333726054,17,0.0067540723083035,0.2390191748811584,0.6007791124650355
I Udana,0.1669937017390322,11,0.0043807248108323,0.239016739795966,0.6007729918334108
XC Bartlett,0.1856320881457719,15,0.0059642147117296,0.239013353570866,0.6007644804940541
AG Murtaza,0.1804939658468919,14,0.005568814638027,0.2390059739182171,0.6007459316007658
Prince Yadav,0.1636226826260192,11,0.0043807248108323,0.2390019722888999,0.6007358734315382
HF Gurney,0.0722717825165291,5,0.0019960079840319,0.2390001843597301,0.600731379438534
NA Saini,0.2164472141239242,37,0.0145841545132045,0.2389998619752174,0.6007305691191046
SJ Srivastava,0.0719474196443057,5,0.0019960079840319,0.2389995369288474,0.6007297521090477
GD McGrath,0.0700117066361063,5,0.0019960079840319,0.2389956732302283,0.6007200406311782
Karanveer Singh,0.1890888106085257,17,0.0067540723083035,0.2389942839447303,0.600716548636409
M Rawat,0.2294180302984304,90,0.0347490347490347,0.2389890832569112,0.6007034766114816
Yudhvir Singh,0.183312320883445,16,0.0063593004769475,0.2389773847546409,0.6006740722098698
Saurav Chauhan,0.1826533557193798,16,0.0063593004769475,0.2389731941971588,0.6006635391662088
P Dubey,0.2113035936875382,33,0.0130280300039478,0.2389684648638887,0.6006516518996498
AA Noffke,0.161385597988511,12,0.0047770700636942,0.2389612778998421,0.6006335873327237
K Yadav,0.0,4,0.0015974440894568,0.2389513190529318,0.6006085555870032
Rasikh Salam,0.2148852889930366,40,0.0157480314960629,0.2389486277434106,0.6006017909307939
R Shukla,0.1955495186170842,23,0.0091161315893777,0.2389344993407587,0.6005662789296752
R Sai Kishore,0.1759792857124887,16,0.0063593004769475,0.2389307517805808,0.6005568593679237
SK Warne,0.2358460094595212,337,0.1187874515333098,0.238919354281424,0.6005282115431995
PR Shah,0.2318965566081104,151,0.0569596378725009,0.2389100275203191,0.60050476855683
Imran Tahir,0.2092592424971248,37,0.0145841545132045,0.2388950314863756,0.6004670757484285
MS Wade,0.2328188219440372,185,0.068901303538175,0.2388847616268857,0.6004412622668426
AA Kulkarni,0.0960290085402619,8,0.0031897926634768,0.238876529097633,0.6004205696524519
T Kohler-Cadmore,0.2167179872111196,54,0.0211433046202036,0.238855471502718,0.600367640998548
Navdeep Saini,-0.3638738614875679,2,0.0007993605115907,0.2388514609055021,0.6003575602883413
Parvez Rasool,0.1783426101997665,20,0.0079365079365079,0.2388495853621177,0.6003528460753899
VS Yeligati,-0.3663500813781343,2,0.0007993605115907,0.2388494815131036,0.600352585048974
J Arunkumar,0.1878037527334521,24,0.0095087163232963,0.2388436580721649,0.6003379477225739
JL Denly,-1.0,1,0.0003998400639744,0.2388381059210481,0.6003239922881537
CJ Jordan,0.2232425914193638,81,0.0313831848120883,0.2388286527754784,0.6003002316320968
M Ntini,0.1713402040868284,19,0.0075426756649464,0.2388207887202029,0.6002804651838562
M Tiwari,-0.0891141052646175,4,0.0015974440894568,0.2388089642521896,0.6002507441650219
AS Roy,0.1848995728022258,25,0.0099009900990099,0.2387946899915236,0.6002148655470897
Tanush Kotian,0.1951508935819472,32,0.0126382306477093,0.2387752494088324,0.6001660012832882
DG Nalkande,0.1207362977568789,12,0.0047770700636942,0.2387670933445955,0.6001455008651276
C Madan,0.1683393425879441,21,0.0083300277667592,0.2387422566850013,0.6000830734623261
TM Srivastava,0.1146065913372724,12,0.0047770700636942,0.2387378113075592,0.6000718999239874
SE Bond,-0.5100367510907962,2,0.0007993605115907,0.2387346240632933,0.6000638887266337
S Sriram,0.1983522106588539,38,0.0149724192277383,0.2387200500053498,0.6000272565627052
MJ Owen,-0.5353575525669131,2,0.0007993605115907,0.2387143836144714,0.6000130139845333
M de Lange,-0.5402394235834055,2,0.0007993605115907,0.2387104812395582,0.6000032052930842
KA Maharaj,-0.542837317534332,2,0.0007993605115907,0.2387084045857205,0.5999979855852924
MJ Suthar,-0.5470302406659484,2,0.0007993605115907,0.2387050529285409,0.5999895611330422
Sumit Kumar,0.1765559360192823,26,0.0102929532858273,0.2386874731769765,0.5999453741026608
Sunny Gupta,-1.4381993148289702,1,0.0003998400639744,0.2386628962789734,0.5998835996154183
S Randiv,-0.1806857101957057,4,0.0015974440894568,0.2386626837331304,0.5998830653775146
A Tomar,0.0286323870109359,8,0.0031897926634768,0.2386615478487356,0.5998802103111003
A Uniyal,-0.0014696320884061,7,0.002792181890706,0.23866127462462,0.5998795235572373
GHS Garton,-0.1842345972969631,4,0.0015974440894568,0.2386570145844063,0.5998688158674467
JE Root,0.1254133960239878,15,0.0059642147117296,0.2386541963613921,0.5998617322118276
V Pratap Singh,-1.462117157256467,1,0.0003998400639744,0.238653332967327,0.5998595620548919
S Kaushik,-1.462117157256467,1,0.0003998400639744,0.238653332967327,0.5998595620548919
S Lamichhane,-1.4621171572565903,1,0.0003998400639744,0.238653332967327,0.5998595620548919
A Chandila,-0.0045586096939845,7,0.002792181890706,0.238652649637289,0.5998578444922154
SW Tait,0.1731519655068839,26,0.0102929532858273,0.2386524362675061,0.5998573081833235
Fazalhaq Farooqi,0.1206461479362163,15,0.0059642147117296,0.2386257634702125,0.5997902656144879
LE Plunkett,-0.3549486741906373,3,0.0011985617259288,0.2386213571258368,0.5997791901864827
UBT Chand,0.2331047816997072,326,0.1153573956121726,0.2386150961580488,0.5997634531282625
R Ninan,-0.0619293752232917,6,0.0023942537909018,0.2386123410443741,0.5997565280991345
BE Hendricks,-0.3655356693499964,3,0.0011985617259288,0.2386086679586462,0.5997472957302891
TL Seifert,0.1687644399710237,26,0.0102929532858273,0.2386072756721251,0.5997437961923928
DJ Muthuswami,-0.3667419551493056,3,0.0011985617259288,0.2386072221506566,0.5997436616651928
BR Sharath,-0.124721511028743,5,0.0019960079840319,0.238606984173013,0.5997430635039884
CK Langeveldt,0.0341268548948962,9,0.0035870864886408,0.2385975466730153,0.5997193421733659
Vishnu Vinod,0.2063207382234813,58,0.0226739640344018,0.2385851077894852,0.5996880768097773
R Sanjay Yadav,-0.7126589901622328,2,0.0007993605115907,0.2385726558466095,0.5996567786212824
MS Bhandage,-0.241374228564241,4,0.0015974440894568,0.2385657372181647,0.5996393885208497
H Das,-0.1454070944624167,5,0.0019960079840319,0.238565695583325,0.5996392838709108
KP Appanna,-0.1465434363243487,5,0.0019960079840319,0.238563427435896,0.599633582840439
SS Cottrell,-0.7251194977878896,2,0.0007993605115907,0.2385626954088591,0.599631742876956
Naveen-ul-Haq,0.1641079244760079,26,0.0102929532858273,0.2385593463756602,0.5996233250201298
IC Pandey,-0.7294031730009103,2,0.0007993605115907,0.2385592712080494,0.5996231360849512
KM Asif,-0.7310585786268338,2,0.0007993605115907,0.2385579479421613,0.5996198100316913
SMSM Senanayake,0.124069849671876,17,0.0067540723083035,0.2385551411811534,0.5996127551860368
Younis Khan,-0.047196588118176,7,0.002792181890706,0.2385335966460766,0.5995586025990389
J Theron,0.0835282664153178,13,0.0051730998806207,0.2385276443979071,0.5995436415132842
Musheer Khan,-0.4333346089445513,3,0.0011985617259288,0.2385274067445896,0.5995430441672794
NJ Maddinson,0.1418543799496384,21,0.0083300277667592,0.2385216362108226,0.5995285398240329
DS Rathi,-0.2747701393842515,4,0.0015974440894568,0.2385123891178132,0.5995052970848935
Ankit Soni,0.0009623364948393,9,0.0035870864886408,0.2384785826771601,0.5994203239716641
T Banton,0.1412377543551632,22,0.0087232355273592,0.238477927638523,0.5994186775199465
X Thalaivan Sargunam,0.1108585547093822,17,0.0067540723083035,0.2384659111396904,0.5993884738280997
RP Meredith,-0.4873723857520762,3,0.0011985617259288,0.2384626391335538,0.599380249580218
FA Allen,0.1232402485836209,19,0.0075426756649464,0.2384579863563438,0.5993685547387304
D du Preez,0.1529836034821409,26,0.0102929532858273,0.2384448442593337,0.5993355218350666
KS Rathore,-0.208398419702267,5,0.0019960079840319,0.2384399643952215,0.5993232562064543
PSP Handscomb,0.0500150898576691,12,0.0047770700636942,0.2384292531794719,0.5992963333677546
D Kalyankrishna,-0.0487214536140047,8,0.0031897926634768,0.2384148051354184,0.5992600179420671
CJ McKay,0.084222236744479,15,0.0059642147117296,0.2384085234432241,0.5992442287926687
N Saini,0.2219873320920974,143,0.0541051835035944,0.2383951159280027,0.5992105287554266
FH Edwards,0.0001655565682419,10,0.0039840637450199,0.2383807802686151,0.5991744958106732
UA Birla,0.0736961706978943,15,0.0059642147117296,0.2383457437252524,0.5990864308115544
DR Martyn,0.1433112280934804,26,0.0102929532858273,0.2383452869512953,0.5990852827017733
Jaskaran Singh,0.0049458203346318,11,0.0043807248108323,0.2383068526213549,0.59898867730331
RS Gavaskar,-0.0839278428504505,8,0.0031897926634768,0.2383025040533245,0.5989777470972163
A Mukund,0.1252441659172713,23,0.0091161315893777,0.2382935864941096,0.5989553326473582
CJ Ferguson,0.2162571184939215,119,0.0454371897670866,0.2382851088237182,0.598934023866186
Mukesh Kumar,0.1071821104847932,20,0.0079365079365079,0.238284819491364,0.5989332966239677
Shoaib Akhtar,-0.0933226204528465,8,0.0031897926634768,0.2382725366606533,0.5989024235020242
T Henderson,0.1495157108998702,32,0.0126382306477093,0.238198501444446,0.5987163346181248
SB Wagh,-0.7280361332261354,3,0.0011985617259288,0.2381741887770128,0.5986552242793018
SP Goswami,0.2301723340925256,371,0.1292232671543016,0.2381497871323122,0.5985938902944732
Sandeep Sharma,0.200627143863451,79,0.0306320279177975,0.2381479826575238,0.598589354713751
Anureet Singh,0.1741275002494943,47,0.0184530820573223,0.2381303868944906,0.5985451274382468
BMAJ Mendis,0.1265002922641431,27,0.0106846062524732,0.2381280612582799,0.59853928190866
RD Chahar,0.2157134738177849,137,0.0519529768676526,0.2381065031556989,0.5984850952194897
DJ Thornely,0.1804953128116949,54,0.0211433046202036,0.2380896044637325,0.5984426200449919
Kamran Khan,-0.0742031800444885,10,0.0039840637450199,0.2380844904813134,0.5984297659556894
DP Nannes,-0.002767338893739,13,0.0051730998806207,0.2380812286123847,0.5984215671878671
L Ronchi,0.1597399698718012,40,0.0157480314960629,0.2380801975210289,0.5984189755206926
DS Kulkarni,0.2141508392854107,131,0.0497909540098821,0.2380797654332688,0.5984178894601239
Mohammad Asif,-0.3075175638760813,6,0.0023942537909018,0.2380243405926915,0.5982785780992378
C Nanda,-1.4554263030970271,2,0.0007993605115907,0.237978916987349,0.5981644050279091
RR Bhatkal,-1.4571445456424388,2,0.0007993605115907,0.2379775434921089,0.5981609527222448
S Chanderpaul,0.1312656859464959,33,0.0130280300039478,0.2379257286003852,0.598030715034504
AD Mascarenhas,0.2067259069687281,118,0.0450725744843391,0.2378639266351609,0.5978753746529865
DJ Jacobs,0.2070421024261903,124,0.0472560975609756,0.2378076690584561,0.5977339701944573
R Bishnoi,0.1238176852430213,34,0.0134175217048145,0.2377837033176022,0.5976737318620017
RV Gomez,0.1658448981648177,54,0.0211433046202036,0.2377798462840413,0.5976640371368792
K Kartikeya,0.0207124950839723,18,0.0071485305798252,0.2377708212152712,0.5976413524597678
PV Tambe,0.1348993168204094,39,0.0153603781016148,0.2377294904547213,0.5975374668294495
YV Dhull,0.0618555954694976,23,0.0091161315893777,0.2377157279446452,0.5975028745060808
G Coetzee,0.1150706039849555,33,0.0130280300039478,0.2377147385866738,0.5975003877365391
P Dogra,0.2089918951053184,141,0.0533888678530859,0.2377137296926889,0.5974978518628665
B Laughlin,-0.0832100793559632,13,0.0051730998806207,0.2376650902813027,0.597375595803628
CK Kapugedera,0.0638044090257916,24,0.0095087163232963,0.2376645834885738,0.5973743219707398
VY Mahesh,0.0884263278822405,28,0.0110759493670886,0.2376621994023909,0.5973683295260679
Simarjeet Singh,-0.0443586539397331,15,0.0059642147117296,0.237641639403358,0.5973166515886078
VR Aaron,0.1834533137910236,80,0.0310077519379844,0.23760091783404,0.597214297171707
AN Ghosh,-0.0387891176763378,16,0.0063593004769475,0.2375649749704769,0.5971239541200183
B Indrajith,0.0937672356124558,31,0.0122481232714342,0.2375507258840488,0.5970881387779983
D Ferreira,-0.0808625977327311,14,0.005568814638027,0.2375505276612105,0.5970876405412316
Kartik Tyagi,-0.0432213169493705,16,0.0063593004769475,0.237536789283526,0.5970531088750751
R Minz,-0.0432990334187247,16,0.0063593004769475,0.2375362950611454,0.5970518666379897
Mustafizur Rahman,0.076973356407718,28,0.0110759493670886,0.2375353468702364,0.59704948334262
KS Sharma,0.0560719752651365,25,0.0099009900990099,0.2375191692238296,0.5970088205294591
SB Joshi,-0.0460807057289997,16,0.0063593004769475,0.2375186055710959,0.5970074037778982
ND Doshi,-0.1124705505581873,13,0.0051730998806207,0.2375137229412196,0.5969951311974869
NT Ellis,0.0612299169476596,26,0.0102929532858273,0.2375004278500319,0.5969617137401307
Suryansh Shedge,-0.150961488537127,12,0.0047770700636942,0.2374691739833184,0.596883156568663
Kumar Kushagra,-0.432172090636934,7,0.002792181890706,0.2374586750195783,0.5968567672293109
CV Varun,0.1484697125501172,53,0.0207598903251077,0.237447315970896,0.5968282160505648
Pankaj Singh,-0.1030755552307256,14,0.005568814638027,0.2374268278183418,0.5967767187005564
Mujeeb Ur Rahman,-0.0204615856213817,19,0.0075426756649464,0.2373740900284776,0.596644161291287
BAW Mendis,-0.4690965063715467,7,0.002792181890706,0.2373555753346392,0.5965976242662246
Yash Dayal,-0.31867083451295,9,0.0035870864886408,0.2373320308481167,0.5965384447643145
AS Rajpoot,0.1127542268511084,41,0.0161353797717434,0.2372912342422026,0.5964359017415432
GC Viljoen,-0.4048021423966871,8,0.0031897926634768,0.2372789815667336,0.5964051044153569
S Ladda,-0.2835709369026909,10,0.0039840637450199,0.2372503559918384,0.5963331535039378
AD Nath,0.184507228702747,99,0.0380915736821854,0.237245216833441,0.5963202361343487
S Kaul,0.0910298719003094,36,0.0141955835962145,0.2372283826092084,0.5962779230006909
DR Shorey,0.0662619343040257,31,0.0122481232714342,0.2372138375630052,0.5962413637583078
M Prasidh Krishna,0.0160062528497616,24,0.0095087163232963,0.2372100843807194,0.5962319300652842
AA Bilakhia,0.2047287440430617,172,0.0643712574850299,0.2371060804206392,0.5959705141899223
S Sreesanth,0.162698617675855,76,0.0295031055900621,0.2370726699735661,0.5958865364138731
KL Nagarkoti,0.0703462480850912,34,0.0134175217048145,0.2370662491489481,0.595870397552557
KMA Paul,0.0876684144792275,38,0.0149724192277383,0.2370628458072309,0.5958618431902666
T Thushara,0.0259805638837601,27,0.0106846062524732,0.2370540475399299,0.5958397285828384
AG Paunikar,0.1720238461072828,88,0.0340030911901081,0.2370449000641353,0.595816736233409
M Theekshana,0.0654966075517354,34,0.0134175217048145,0.2370011789918312,0.5957068425103305
P Awana,-0.1836085711777494,14,0.005568814638027,0.2369783543802915,0.5956494724274908
TS Mills,-0.1850354849969915,14,0.005568814638027,0.2369704081617277,0.595629499460307
AJ Turner,0.0811243022690683,38,0.0149724192277383,0.236964864615747,0.5956155656550554
DW Steyn,0.2046960571942667,185,0.068901303538175,0.2369470664765291,0.5955708297032717
GH Vihari,0.2183903834617461,331,0.1169198163193218,0.236884959319809,0.5954147222172903
AF Milne,0.0392662289053441,31,0.0122481232714342,0.2368831908354828,0.5954102770992598
SB Bangar,0.1444287549968431,67,0.0261005064277366,0.2368565755720023,0.5953433791427265
K Goel,0.2200995514031243,379,0.131642931573463,0.2368016092012245,0.5952052201541528
C Sakariya,0.032325738966607,31,0.0122481232714342,0.236798182859149,0.5951966079800368
Shivam Mavi,0.1270608260936888,58,0.0226739640344018,0.2367879713924845,0.5951709412698964
TD Paine,0.0143778164108502,29,0.0114669829972321,0.2367540765458505,0.5950857459466006
Virat Singh,0.0633197105147821,38,0.0149724192277383,0.2366982868038231,0.5949455173991773
Mohammad Ashraful,-0.0471937950686711,24,0.0095087163232963,0.2366091330534442,0.5947214278002898
IS Sodhi,0.0072119234546357,30,0.0118577075098814,0.2365812097281346,0.5946512420061797
T Kohli,-0.0623475680056628,24,0.0095087163232963,0.2364650401253587,0.5943592475631154
IR Jaggi,0.1831025641553424,138,0.0523123578468536,0.2363920609408562,0.5941758130344186
NS Naik,0.0967485338014936,53,0.0207598903251077,0.2363735899725893,0.5941293859143882
JJ Bumrah,0.1476806121571677,84,0.0325077399380804,0.2363542083319441,0.5940806698025083
Mohammad Hafeez,0.1473638946061015,84,0.0325077399380804,0.2363439125601601,0.5940547911898924
A Zampa,-0.0644851619804245,25,0.0099009900990099,0.2363255342015963,0.594008596846062
Arshdeep Singh,0.0789636184171041,48,0.0188383045525902,0.2363125418338157,0.593975940289583
R Sharma,0.1376978179249437,77,0.0298797050834303,0.2362967927391393,0.593936354649115
Shoaib Ahmed,-0.4217871686665963,12,0.0047770700636942,0.2361754207342923,0.5936312838723192
RK Bhui,-0.0568753009459899,27,0.0106846062524732,0.2361687652485159,0.5936145551858456
SL Malinga,0.1593358555147741,104,0.0399385560675883,0.2361386451160053,0.593538847676245
JA Richardson,0.082084406116192,52,0.0203761755485893,0.2361295031452129,0.5935158691637403
Mohammed Shami,0.1566857164544574,106,0.0406753645433614,0.2359719066971273,0.5931197475795387
VG Arora,-0.1014491126866913,25,0.0099009900990099,0.2359595544916333,0.5930887000827956
S Badree,-0.1017509441604975,25,0.0099009900990099,0.2359565660611995,0.5930811886076824
A Chopra,0.1468356743402996,95,0.0366088631984585,0.2359473957498535,0.5930581388606727
DR Sams,0.0580739423730084,48,0.0188383045525902,0.235919015754492,0.5929868052179492
Yashpal Singh,0.1709050736701245,134,0.0508731966590736,0.2358524611922316,0.5928195190959669
MM Sharma,0.1733335509421671,140,0.053030303030303,0.2358336363789563,0.5927722025799698
Z Khan,0.176342716370153,152,0.057315233785822,0.2357233015825055,0.5924948740304145
A Singh,-0.4625071655398984,13,0.0051730998806207,0.2357029485700448,0.5924437163575281
M Muralitharan,-0.0201750444271557,38,0.0149724192277383,0.2354481683295151,0.5918033215153353
KK Ahmed,-0.6942659362121066,11,0.0043807248108323,0.235243798331425,0.5912896337489538
A Nehra,0.0741093287830508,64,0.0249609984399376,0.2352094773598505,0.5912033673527465
WD Parnell,0.1141607055086618,86,0.0332559938128383,0.2351708907897472,0.5911063792958207
RT Ponting,0.1461813620016536,129,0.0490680867249904,0.2347628370508766,0.5900807286834854
Ravi Bishnoi,0.0657100376582363,68,0.0264797507788162,0.2347361314132794,0.5900136035699398
L Balaji,0.0397851886329869,60,0.0234375,0.2346567243072346,0.5898140123416765
Noor Ahmad,-0.1006429474947497,35,0.0138067061143984,0.2346396843180375,0.5897711820139786
WA Mota,0.1387321870890191,124,0.0472560975609756,0.2345796090349008,0.5896201816797925
M Ashwin,0.0502980059996025,67,0.0261005064277366,0.2343997153527521,0.5891680155857831
PWH de Silva,0.0938309903529927,95,0.0366088631984585,0.2340069545248846,0.588180803987824
SK Trivedi,0.0664045526710289,80,0.0310077519379844,0.2339714988845828,0.5880916855808052
B Kumar,0.1961675523396643,377,0.1310392770246785,0.233677188091969,0.5873519299655356
PJ Sangwan,-0.0438753114930509,57,0.0222917481423543,0.2330204185191386,0.5857011275089743
YS Chahal,0.0509887450578186,89,0.0343762070297412,0.2328590580218954,0.585295544917666
AB Dinda,-0.1149450421226518,58,0.0226739640344018,0.231300739040433,0.5813786813644138
PP Ojha,-0.2464780147170651,52,0.0203761755485893,0.2294346575796449,0.5766882511327928
RP Singh,-0.0505652027243674,95,0.0366088631984585,0.2287207740461374,0.5748938916807642
S Nadeem,-0.1110874104527695,89,0.0343762070297412,0.2272874945454789,0.5712913171728903
